,User_ID,Age,Daily_Usage_Time (minutes),Posts_Per_Day,Likes_Received_Per_Day,Comments_Received_Per_Day,Messages_Sent_Per_Day,Dominant_Emotion,Platform_Facebook,Platform_Instagram,Platform_LinkedIn,Platform_Snapchat,Platform_Telegram,Platform_Twitter,Platform_Whatsapp,Gender_Female,Gender_Male,Gender_Non-binary
0,500,27,120,4.0,40.0,18.0,22.0,Neutral,0.0,0.0,0.0,1.0,0.0,0.0,0.0,1.0,0.0,0.0
1,488,21,60,1.0,18.0,7.0,12.0,Neutral,0.0,0.0,0.0,1.0,0.0,0.0,0.0,0.0,0.0,1.0
2,776,28,115,3.0,38.0,18.0,27.0,Anxiety,0.0,0.0,0.0,1.0,0.0,0.0,0.0,0.0,0.0,1.0
3,869,27,105,3.0,48.0,20.0,28.0,Anxiety,0.0,0.0,0.0,0.0,1.0,0.0,0.0,0.0,1.0,0.0
4,573,21,55,3.0,17.0,7.0,12.0,Neutral,1.0,0.0,0.0,0.0,0.0,0.0,0.0,0.0,0.0,1.0
5,428,25,160,6.0,85.0,26.0,30.0,Happiness,0.0,1.0,0.0,0.0,0.0,0.0,0.0,1.0,0.0,0.0
6,528,25,160,6.0,85.0,26.0,30.0,Happiness,0.0,1.0,0.0,0.0,0.0,0.0,0.0,1.0,0.0,0.0
7,773,21,55,3.0,17.0,7.0,12.0,Neutral,1.0,0.0,0.0,0.0,0.0,0.0,0.0,0.0,0.0,1.0
8,382,24,85,3.0,33.0,20.0,18.0,Happiness,0.0,0.0,0.0,1.0,0.0,0.0,0.0,0.0,0.0,1.0
9,505,33,45,1.0,10.0,5.0,12.0,Boredom,0.0,0.0,1.0,0.0,0.0,0.0,0.0,0.0,1.0,0.0
10,20,32,140,5.0,70.0,22.0,33.0,Happiness,0.0,1.0,0.0,0.0,0.0,0.0,0.0,1.0,0.0,0.0
11,444,23,105,2.0,25.0,12.0,18.0,Neutral,1.0,0.0,0.0,0.0,0.0,0.0,0.0,0.0,0.0,1.0
12,720,32,140,6.0,75.0,28.0,30.0,Happiness,0.0,1.0,0.0,0.0,0.0,0.0,0.0,1.0,0.0,0.0
13,328,25,160,6.0,85.0,26.0,30.0,Happiness,0.0,1.0,0.0,0.0,0.0,0.0,0.0,1.0,0.0,0.0
14,372,35,70,1.0,13.0,8.0,10.0,Boredom,0.0,0.0,0.0,0.0,0.0,1.0,0.0,0.0,1.0,0.0
15,555,31,60,1.0,15.0,7.0,17.0,Anxiety,0.0,0.0,1.0,0.0,0.0,0.0,0.0,0.0,1.0,0.0
16,181,31,50,2.0,20.0,10.0,12.0,Sadness,0.0,0.0,0.0,0.0,1.0,0.0,0.0,0.0,1.0,0.0
17,413,34,65,1.0,14.0,6.0,15.0,Boredom,0.0,0.0,1.0,0.0,0.0,0.0,0.0,0.0,1.0,0.0
18,132,28,145,5.0,75.0,20.0,35.0,Happiness,0.0,1.0,0.0,0.0,0.0,0.0,0.0,0.0,1.0,0.0
19,743,29,95,4.0,50.0,22.0,22.0,Anger,0.0,0.0,0.0,0.0,0.0,1.0,0.0,0.0,1.0,0.0
20,526,31,80,2.0,20.0,10.0,20.0,Neutral,1.0,0.0,0.0,0.0,0.0,0.0,0.0,0.0,1.0,0.0
21,962,23,70,3.0,22.0,10.0,18.0,Anger,0.0,0.0,0.0,0.0,0.0,0.0,1.0,0.0,1.0,0.0
22,497,22,70,1.0,14.0,6.0,10.0,Neutral,1.0,0.0,0.0,0.0,0.0,0.0,0.0,1.0,0.0,0.0
23,275,25,80,4.0,30.0,13.0,25.0,Neutral,0.0,0.0,0.0,0.0,1.0,0.0,0.0,0.0,1.0,0.0
24,836,24,55,1.0,11.0,6.0,11.0,Boredom,0.0,0.0,1.0,0.0,0.0,0.0,0.0,0.0,0.0,1.0
25,35,29,65,2.0,22.0,8.0,20.0,Anxiety,1.0,0.0,0.0,0.0,0.0,0.0,0.0,0.0,1.0,0.0
26,760,27,60,1.0,12.0,5.0,15.0,Boredom,1.0,0.0,0.0,0.0,0.0,0.0,0.0,0.0,1.0,0.0
27,700,27,120,4.0,40.0,18.0,22.0,Neutral,0.0,0.0,0.0,1.0,0.0,0.0,0.0,1.0,0.0,0.0
28,58,29,50,2.0,15.0,5.0,18.0,Sadness,0.0,0.0,0.0,1.0,0.0,0.0,0.0,0.0,0.0,1.0
29,481,31,50,2.0,20.0,10.0,12.0,Sadness,0.0,0.0,0.0,0.0,1.0,0.0,0.0,0.0,1.0,0.0
30,847,21,90,3.0,37.0,14.0,20.0,Sadness,0.0,0.0,0.0,0.0,0.0,1.0,0.0,1.0,0.0,0.0
31,850,28,55,1.0,12.0,6.0,10.0,Boredom,0.0,0.0,1.0,0.0,0.0,0.0,0.0,1.0,0.0,0.0
32,487,31,85,3.0,45.0,20.0,28.0,Sadness,0.0,0.0,0.0,0.0,1.0,0.0,0.0,0.0,1.0,0.0
33,820,32,140,6.0,75.0,28.0,30.0,Happiness,0.0,1.0,0.0,0.0,0.0,0.0,0.0,1.0,0.0,0.0
34,776,28,115,3.0,38.0,18.0,27.0,Anxiety,0.0,0.0,0.0,1.0,0.0,0.0,0.0,0.0,0.0,1.0
35,932,28,145,7.0,80.0,30.0,35.0,Happiness,0.0,1.0,0.0,0.0,0.0,0.0,0.0,0.0,1.0,0.0
36,599,28,60,2.0,18.0,8.0,18.0,Anger,0.0,0.0,0.0,0.0,1.0,0.0,0.0,0.0,0.0,1.0
37,627,27,55,1.0,12.0,5.0,11.0,Anxiety,0.0,0.0,1.0,0.0,0.0,0.0,0.0,0.0,0.0,1.0
38,212,26,95,3.0,30.0,14.0,18.0,Sadness,1.0,0.0,0.0,0.0,0.0,0.0,0.0,0.0,0.0,1.0
39,872,35,70,1.0,13.0,8.0,10.0,Boredom,0.0,0.0,0.0,0.0,0.0,1.0,0.0,0.0,1.0,0.0
40,155,31,60,1.0,15.0,7.0,17.0,Anxiety,0.0,0.0,1.0,0.0,0.0,0.0,0.0,0.0,1.0,0.0
41,830,26,45,1.0,8.0,4.0,12.0,Sadness,1.0,0.0,0.0,0.0,0.0,0.0,0.0,0.0,0.0,1.0
42,174,29,90,2.0,24.0,12.0,22.0,Anger,0.0,0.0,0.0,0.0,0.0,0.0,1.0,1.0,0.0,0.0
43,119,23,50,1.0,12.0,6.0,12.0,Neutral,0.0,0.0,1.0,0.0,0.0,0.0,0.0,0.0,0.0,1.0
44,490,30,70,2.0,30.0,12.0,20.0,Anxiety,0.0,0.0,0.0,0.0,0.0,1.0,0.0,0.0,1.0,0.0
45,594,29,95,2.0,23.0,10.0,28.0,Sadness,0.0,0.0,0.0,1.0,0.0,0.0,0.0,1.0,0.0,0.0
46,651,27,165,6.0,85.0,30.0,28.0,Happiness,0.0,1.0,0.0,0.0,0.0,0.0,0.0,0.0,1.0,0.0
47,713,34,65,1.0,14.0,6.0,15.0,Boredom,0.0,0.0,1.0,0.0,0.0,0.0,0.0,0.0,1.0,0.0
48,801,25,120,5.0,50.0,20.0,25.0,Happiness,0.0,1.0,0.0,0.0,0.0,0.0,0.0,1.0,0.0,0.0
49,319,23,50,1.0,12.0,6.0,12.0,Neutral,0.0,0.0,1.0,0.0,0.0,0.0,0.0,0.0,0.0,1.0
50,783,34,120,5.0,60.0,25.0,25.0,Anger,0.0,1.0,0.0,0.0,0.0,0.0,0.0,1.0,0.0,0.0
51,376,28,115,3.0,38.0,18.0,27.0,Anxiety,0.0,0.0,0.0,1.0,0.0,0.0,0.0,0.0,0.0,1.0
52,562,23,70,3.0,22.0,10.0,18.0,Anger,0.0,0.0,0.0,0.0,0.0,0.0,1.0,0.0,1.0,0.0
53,693,24,75,3.0,37.0,16.0,22.0,Neutral,0.0,0.0,0.0,0.0,1.0,0.0,0.0,0.0,1.0,0.0
54,76,28,90,4.0,48.0,22.0,25.0,Anxiety,0.0,0.0,0.0,0.0,0.0,1.0,0.0,0.0,1.0,0.0
55,169,27,105,3.0,45.0,15.0,28.0,Anxiety,0.0,0.0,0.0,0.0,1.0,0.0,0.0,0.0,1.0,0.0
56,900,27,120,4.0,40.0,18.0,22.0,Neutral,0.0,0.0,0.0,1.0,0.0,0.0,0.0,1.0,0.0,0.0
57,986,28,100,4.0,37.0,14.0,26.0,Anxiety,0.0,0.0,0.0,0.0,0.0,0.0,1.0,1.0,0.0,0.0
58,807,27,85,3.0,40.0,18.0,20.0,Anger,0.0,0.0,0.0,0.0,0.0,1.0,0.0,1.0,0.0,0.0
59,275,25,80,4.0,28.0,11.0,25.0,Neutral,0.0,0.0,0.0,0.0,1.0,0.0,0.0,0.0,1.0,0.0
60,815,28,100,6.0,50.0,30.0,29.0,Anger,0.0,0.0,0.0,0.0,0.0,1.0,0.0,0.0,1.0,0.0
61,227,27,55,1.0,9.0,2.0,11.0,Anxiety,0.0,0.0,1.0,0.0,0.0,0.0,0.0,0.0,0.0,1.0
62,60,27,60,1.0,10.0,4.0,15.0,Boredom,1.0,0.0,0.0,0.0,0.0,0.0,0.0,0.0,1.0,0.0
63,866,29,60,1.0,12.0,4.0,12.0,Boredom,1.0,0.0,0.0,0.0,0.0,0.0,0.0,0.0,0.0,1.0
64,944,23,105,2.0,25.0,12.0,18.0,Neutral,1.0,0.0,0.0,0.0,0.0,0.0,0.0,0.0,0.0,1.0
65,711,23,75,4.0,45.0,20.0,25.0,Anxiety,0.0,0.0,0.0,0.0,0.0,1.0,0.0,1.0,0.0,0.0
66,211,23,75,4.0,45.0,20.0,25.0,Anxiety,0.0,0.0,0.0,0.0,0.0,1.0,0.0,1.0,0.0,0.0
67,33,23,70,3.0,27.0,11.0,18.0,Neutral,0.0,0.0,0.0,0.0,0.0,1.0,0.0,0.0,0.0,1.0
68,348,26,75,2.0,30.0,12.0,18.0,Anxiety,1.0,0.0,0.0,0.0,0.0,0.0,0.0,0.0,0.0,1.0
69,944,23,105,2.0,25.0,12.0,18.0,Neutral,1.0,0.0,0.0,0.0,0.0,0.0,0.0,0.0,0.0,1.0
70,846,30,175,7.0,100.0,33.0,38.0,Happiness,0.0,1.0,0.0,0.0,0.0,0.0,0.0,0.0,1.0,0.0
71,672,35,70,1.0,13.0,8.0,10.0,Boredom,0.0,0.0,0.0,0.0,0.0,1.0,0.0,0.0,1.0,0.0
72,223,29,60,2.0,15.0,5.0,10.0,Neutral,0.0,0.0,1.0,0.0,0.0,0.0,0.0,0.0,1.0,0.0
73,926,31,80,2.0,20.0,10.0,20.0,Neutral,1.0,0.0,0.0,0.0,0.0,0.0,0.0,0.0,1.0,0.0
74,81,31,50,2.0,18.0,6.0,10.0,Boredom,0.0,0.0,0.0,0.0,1.0,0.0,0.0,0.0,1.0,0.0
75,526,31,80,2.0,20.0,10.0,20.0,Neutral,1.0,0.0,0.0,0.0,0.0,0.0,0.0,0.0,1.0,0.0
76,997,22,70,1.0,14.0,6.0,10.0,Neutral,1.0,0.0,0.0,0.0,0.0,0.0,0.0,1.0,0.0,0.0
77,561,31,175,6.0,72.0,30.0,33.0,Happiness,0.0,1.0,0.0,0.0,0.0,0.0,0.0,0.0,1.0,0.0
78,48,26,75,2.0,28.0,11.0,18.0,Anxiety,1.0,0.0,0.0,0.0,0.0,0.0,0.0,0.0,0.0,1.0
79,621,26,75,2.0,30.0,14.0,20.0,Anxiety,1.0,0.0,0.0,0.0,0.0,0.0,0.0,0.0,1.0,0.0
80,261,29,90,3.0,22.0,10.0,21.0,Sadness,0.0,0.0,0.0,1.0,0.0,0.0,0.0,1.0,0.0,0.0
81,16,21,40,1.0,5.0,2.0,10.0,Neutral,1.0,0.0,0.0,0.0,0.0,0.0,0.0,0.0,0.0,1.0
82,170,22,75,2.0,21.0,8.0,20.0,Sadness,0.0,0.0,0.0,1.0,0.0,0.0,0.0,0.0,0.0,1.0
83,653,29,85,2.0,27.0,9.0,20.0,Neutral,1.0,0.0,0.0,0.0,0.0,0.0,0.0,0.0,0.0,1.0
84,422,24,105,4.0,35.0,20.0,23.0,Anger,0.0,0.0,0.0,0.0,0.0,1.0,0.0,1.0,0.0,0.0
85,378,26,75,2.0,23.0,12.0,18.0,Sadness,0.0,0.0,0.0,0.0,0.0,1.0,0.0,0.0,1.0,0.0
86,304,28,200,8.0,110.0,40.0,45.0,Anxiety,0.0,1.0,0.0,0.0,0.0,0.0,0.0,1.0,0.0,0.0
87,149,32,130,5.0,70.0,19.0,31.0,Neutral,0.0,1.0,0.0,0.0,0.0,0.0,0.0,0.0,1.0,0.0
88,290,30,70,2.0,28.0,10.0,20.0,Anxiety,0.0,0.0,0.0,0.0,0.0,1.0,0.0,0.0,1.0,0.0
89,759,28,95,4.0,48.0,22.0,25.0,Happiness,0.0,0.0,0.0,0.0,0.0,1.0,0.0,1.0,0.0,0.0
90,205,33,45,1.0,10.0,5.0,12.0,Boredom,0.0,0.0,1.0,0.0,0.0,0.0,0.0,0.0,1.0,0.0
91,719,23,50,1.0,12.0,6.0,12.0,Neutral,0.0,0.0,1.0,0.0,0.0,0.0,0.0,0.0,0.0,1.0
92,666,29,60,1.0,12.0,4.0,12.0,Boredom,1.0,0.0,0.0,0.0,0.0,0.0,0.0,0.0,0.0,1.0
93,476,28,115,3.0,38.0,18.0,26.0,Anxiety,0.0,0.0,0.0,1.0,0.0,0.0,0.0,0.0,0.0,1.0
94,278,26,75,2.0,23.0,12.0,18.0,Sadness,0.0,0.0,0.0,0.0,0.0,1.0,0.0,0.0,1.0,0.0
95,821,26,75,2.0,30.0,14.0,20.0,Anxiety,1.0,0.0,0.0,0.0,0.0,0.0,0.0,0.0,1.0,0.0
96,418,27,90,3.0,40.0,16.0,24.0,Sadness,0.0,0.0,0.0,0.0,0.0,1.0,0.0,0.0,1.0,0.0
97,184,22,70,1.0,20.0,5.0,22.0,Neutral,0.0,0.0,0.0,0.0,0.0,1.0,0.0,0.0,1.0,0.0
98,896,33,85,4.0,35.0,18.0,18.0,Boredom,0.0,0.0,1.0,0.0,0.0,0.0,0.0,0.0,1.0,0.0
99,708,24,110,6.0,35.0,23.0,25.0,Sadness,1.0,0.0,0.0,0.0,0.0,0.0,0.0,0.0,0.0,1.0
100,993,24,75,3.0,37.0,16.0,22.0,Neutral,0.0,0.0,0.0,0.0,1.0,0.0,0.0,0.0,1.0,0.0
101,60,27,60,1.0,10.0,4.0,15.0,Boredom,1.0,0.0,0.0,0.0,0.0,0.0,0.0,0.0,1.0,0.0
102,1,25,120,3.0,45.0,10.0,12.0,Happiness,0.0,1.0,0.0,0.0,0.0,0.0,0.0,1.0,0.0,0.0
103,2,30,90,5.0,20.0,25.0,30.0,Anger,0.0,0.0,0.0,0.0,0.0,1.0,0.0,0.0,1.0,0.0
104,3,22,60,2.0,15.0,5.0,20.0,Neutral,1.0,0.0,0.0,0.0,0.0,0.0,0.0,0.0,0.0,1.0
105,4,28,200,8.0,100.0,30.0,50.0,Anxiety,0.0,1.0,0.0,0.0,0.0,0.0,0.0,1.0,0.0,0.0
106,5,33,45,1.0,5.0,2.0,10.0,Boredom,0.0,0.0,1.0,0.0,0.0,0.0,0.0,0.0,1.0,0.0
107,6,21,150,4.0,60.0,15.0,25.0,Happiness,0.0,1.0,0.0,0.0,0.0,0.0,0.0,0.0,1.0,0.0
108,7,27,85,3.0,30.0,10.0,18.0,Anger,0.0,0.0,0.0,0.0,0.0,1.0,0.0,1.0,0.0,0.0
109,8,24,110,6.0,25.0,12.0,22.0,Sadness,1.0,0.0,0.0,0.0,0.0,0.0,0.0,0.0,0.0,1.0
110,9,29,55,2.0,10.0,3.0,8.0,Neutral,0.0,0.0,1.0,0.0,0.0,0.0,0.0,1.0,0.0,0.0
111,10,31,170,5.0,80.0,20.0,35.0,Happiness,0.0,1.0,0.0,0.0,0.0,0.0,0.0,0.0,1.0,0.0
112,11,23,75,4.0,35.0,7.0,20.0,Anxiety,0.0,0.0,0.0,0.0,0.0,1.0,0.0,1.0,0.0,0.0
113,12,26,95,3.0,20.0,10.0,18.0,Sadness,1.0,0.0,0.0,0.0,0.0,0.0,0.0,0.0,0.0,1.0
114,13,34,65,1.0,12.0,4.0,15.0,Boredom,0.0,0.0,1.0,0.0,0.0,0.0,0.0,0.0,1.0,0.0
115,14,22,180,7.0,90.0,25.0,40.0,Happiness,0.0,1.0,0.0,0.0,0.0,0.0,0.0,1.0,0.0,0.0
116,15,28,100,6.0,40.0,23.0,28.0,Anger,0.0,0.0,0.0,0.0,0.0,1.0,0.0,0.0,1.0,0.0
117,16,21,40,1.0,5.0,2.0,10.0,Neutral,1.0,0.0,0.0,0.0,0.0,0.0,0.0,0.0,0.0,1.0
118,17,35,125,4.0,55.0,18.0,30.0,Anxiety,0.0,1.0,0.0,0.0,0.0,0.0,0.0,1.0,0.0,0.0
119,18,27,90,3.0,33.0,15.0,25.0,Sadness,0.0,0.0,0.0,0.0,0.0,1.0,0.0,0.0,1.0,0.0
120,19,23,50,1.0,8.0,3.0,12.0,Neutral,0.0,0.0,1.0,0.0,0.0,0.0,0.0,0.0,0.0,1.0
121,20,32,140,5.0,70.0,22.0,33.0,Happiness,0.0,1.0,0.0,0.0,0.0,0.0,0.0,1.0,0.0,0.0
122,21,26,75,2.0,25.0,10.0,18.0,Anxiety,1.0,0.0,0.0,0.0,0.0,0.0,0.0,0.0,1.0,0.0
123,22,24,105,4.0,28.0,14.0,20.0,Anger,0.0,0.0,0.0,0.0,0.0,1.0,0.0,1.0,0.0,0.0
124,23,29,60,2.0,11.0,5.0,17.0,Boredom,0.0,0.0,1.0,0.0,0.0,0.0,0.0,0.0,1.0,0.0
125,24,33,190,8.0,95.0,26.0,45.0,Happiness,0.0,1.0,0.0,0.0,0.0,0.0,0.0,0.0,0.0,1.0
126,25,22,70,3.0,20.0,12.0,15.0,Sadness,0.0,0.0,0.0,0.0,0.0,1.0,0.0,1.0,0.0,0.0
127,26,31,80,2.0,18.0,8.0,21.0,Neutral,1.0,0.0,0.0,0.0,0.0,0.0,0.0,0.0,1.0,0.0
128,27,27,55,1.0,9.0,2.0,11.0,Anxiety,0.0,0.0,1.0,0.0,0.0,0.0,0.0,0.0,0.0,1.0
129,28,25,160,6.0,85.0,19.0,32.0,Happiness,0.0,1.0,0.0,0.0,0.0,0.0,0.0,1.0,0.0,0.0
130,29,30,90,4.0,38.0,17.0,24.0,Anger,0.0,0.0,0.0,0.0,0.0,1.0,0.0,0.0,1.0,0.0
131,30,26,45,1.0,6.0,3.0,10.0,Sadness,1.0,0.0,0.0,0.0,0.0,0.0,0.0,0.0,0.0,1.0
132,31,34,65,2.0,13.0,4.0,14.0,Boredom,0.0,0.0,1.0,0.0,0.0,0.0,0.0,1.0,0.0,0.0
133,32,28,145,5.0,75.0,20.0,35.0,Happiness,0.0,1.0,0.0,0.0,0.0,0.0,0.0,0.0,1.0,0.0
134,33,23,70,3.0,27.0,11.0,18.0,Neutral,0.0,0.0,0.0,0.0,0.0,1.0,0.0,0.0,0.0,1.0
135,34,21,130,6.0,88.0,15.0,30.0,Sadness,0.0,1.0,0.0,0.0,0.0,0.0,0.0,1.0,0.0,0.0
136,35,29,65,2.0,22.0,8.0,20.0,Anxiety,1.0,0.0,0.0,0.0,0.0,0.0,0.0,0.0,1.0,0.0
137,36,24,55,1.0,10.0,5.0,11.0,Boredom,0.0,0.0,1.0,0.0,0.0,0.0,0.0,0.0,0.0,1.0
138,37,33,170,7.0,90.0,25.0,40.0,Happiness,0.0,1.0,0.0,0.0,0.0,0.0,0.0,1.0,0.0,0.0
139,38,27,85,4.0,35.0,15.0,20.0,Anger,0.0,0.0,0.0,0.0,0.0,1.0,0.0,0.0,1.0,0.0
140,39,22,115,3.0,55.0,12.0,25.0,Neutral,0.0,1.0,0.0,0.0,0.0,0.0,0.0,1.0,0.0,0.0
141,40,28,100,2.0,18.0,10.0,22.0,Anxiety,1.0,0.0,0.0,0.0,0.0,0.0,0.0,0.0,0.0,1.0
142,41,31,45,1.0,6.0,2.0,9.0,Sadness,0.0,0.0,1.0,0.0,0.0,0.0,0.0,0.0,1.0,0.0
143,42,25,150,6.0,80.0,18.0,30.0,Happiness,0.0,1.0,0.0,0.0,0.0,0.0,0.0,1.0,0.0,0.0
144,43,29,95,4.0,40.0,20.0,22.0,Anger,0.0,0.0,0.0,0.0,0.0,1.0,0.0,0.0,1.0,0.0
145,44,23,105,2.0,20.0,8.0,18.0,Neutral,1.0,0.0,0.0,0.0,0.0,0.0,0.0,0.0,0.0,1.0
146,45,35,60,1.0,12.0,5.0,14.0,Boredom,0.0,0.0,1.0,0.0,0.0,0.0,0.0,1.0,0.0,0.0
147,46,30,175,7.0,85.0,23.0,38.0,Happiness,0.0,1.0,0.0,0.0,0.0,0.0,0.0,0.0,1.0,0.0
148,47,21,90,3.0,33.0,12.0,20.0,Sadness,0.0,0.0,0.0,0.0,0.0,1.0,0.0,1.0,0.0,0.0
149,48,26,75,2.0,28.0,11.0,18.0,Anxiety,1.0,0.0,0.0,0.0,0.0,0.0,0.0,0.0,0.0,1.0
150,49,32,130,5.0,70.0,19.0,31.0,Neutral,0.0,1.0,0.0,0.0,0.0,0.0,0.0,0.0,1.0,0.0
151,50,28,55,1.0,8.0,4.0,10.0,Boredom,0.0,0.0,1.0,0.0,0.0,0.0,0.0,1.0,0.0,0.0
152,51,27,165,6.0,78.0,22.0,27.0,Happiness,0.0,1.0,0.0,0.0,0.0,0.0,0.0,0.0,1.0,0.0
153,52,24,75,3.0,29.0,15.0,19.0,Anger,0.0,0.0,0.0,0.0,0.0,1.0,0.0,1.0,0.0,0.0
154,53,29,85,2.0,25.0,7.0,20.0,Neutral,1.0,0.0,0.0,0.0,0.0,0.0,0.0,0.0,0.0,1.0
155,54,33,145,4.0,60.0,18.0,35.0,Sadness,0.0,1.0,0.0,0.0,0.0,0.0,0.0,1.0,0.0,0.0
156,55,31,60,1.0,10.0,3.0,17.0,Anxiety,0.0,0.0,1.0,0.0,0.0,0.0,0.0,0.0,1.0,0.0
157,56,22,70,2.0,40.0,8.0,21.0,Anxiety,0.0,0.0,0.0,0.0,0.0,0.0,1.0,1.0,0.0,0.0
158,57,25,90,3.0,20.0,10.0,22.0,Boredom,0.0,0.0,0.0,0.0,1.0,0.0,0.0,0.0,1.0,0.0
159,58,29,50,2.0,15.0,5.0,18.0,Sadness,0.0,0.0,0.0,1.0,0.0,0.0,0.0,0.0,0.0,1.0
160,59,28,95,4.0,45.0,20.0,25.0,Happiness,0.0,0.0,0.0,0.0,0.0,1.0,0.0,1.0,0.0,0.0
161,60,27,60,1.0,10.0,4.0,15.0,Boredom,1.0,0.0,0.0,0.0,0.0,0.0,0.0,0.0,1.0,0.0
162,61,30,175,6.0,70.0,23.0,33.0,Happiness,0.0,1.0,0.0,0.0,0.0,0.0,0.0,1.0,0.0,0.0
163,62,23,70,3.0,20.0,8.0,18.0,Anger,0.0,0.0,0.0,0.0,0.0,0.0,1.0,0.0,1.0,0.0
164,63,34,80,2.0,18.0,7.0,20.0,Neutral,0.0,0.0,0.0,0.0,1.0,0.0,0.0,0.0,0.0,1.0
165,64,26,120,4.0,50.0,15.0,30.0,Anxiety,0.0,0.0,0.0,1.0,0.0,0.0,0.0,1.0,0.0,0.0
166,65,25,90,6.0,40.0,12.0,26.0,Sadness,0.0,0.0,0.0,0.0,0.0,1.0,0.0,0.0,1.0,0.0
167,66,29,60,1.0,8.0,2.0,12.0,Boredom,1.0,0.0,0.0,0.0,0.0,0.0,0.0,0.0,0.0,1.0
168,67,28,165,5.0,75.0,18.0,35.0,Happiness,0.0,1.0,0.0,0.0,0.0,0.0,0.0,0.0,1.0,0.0
169,68,31,65,2.0,25.0,8.0,20.0,Neutral,0.0,0.0,0.0,0.0,0.0,0.0,1.0,1.0,0.0,0.0
170,69,27,105,3.0,45.0,15.0,28.0,Anxiety,0.0,0.0,0.0,0.0,1.0,0.0,0.0,0.0,1.0,0.0
171,70,22,75,2.0,18.0,6.0,20.0,Sadness,0.0,0.0,0.0,1.0,0.0,0.0,0.0,0.0,0.0,1.0
172,71,24,140,4.0,60.0,18.0,30.0,Happiness,0.0,1.0,0.0,0.0,0.0,0.0,0.0,1.0,0.0,0.0
173,72,35,70,1.0,12.0,7.0,10.0,Boredom,0.0,0.0,0.0,0.0,0.0,1.0,0.0,0.0,1.0,0.0
174,73,21,55,3.0,15.0,5.0,12.0,Neutral,1.0,0.0,0.0,0.0,0.0,0.0,0.0,0.0,0.0,1.0
175,74,29,90,2.0,20.0,9.0,22.0,Anger,0.0,0.0,0.0,0.0,0.0,0.0,1.0,1.0,0.0,0.0
176,75,25,80,4.0,28.0,11.0,25.0,Neutral,0.0,0.0,0.0,0.0,1.0,0.0,0.0,0.0,1.0,0.0
177,76,28,115,3.0,36.0,12.0,27.0,Anxiety,0.0,0.0,0.0,1.0,0.0,0.0,0.0,0.0,0.0,1.0
178,77,32,155,6.0,72.0,20.0,38.0,Happiness,0.0,1.0,0.0,0.0,0.0,0.0,0.0,1.0,0.0,0.0
179,78,26,75,2.0,22.0,10.0,18.0,Sadness,0.0,0.0,0.0,0.0,0.0,1.0,0.0,0.0,1.0,0.0
180,79,33,65,1.0,12.0,5.0,14.0,Anxiety,1.0,0.0,0.0,0.0,0.0,0.0,0.0,0.0,0.0,1.0
181,81,31,50,2.0,18.0,6.0,12.0,Sadness,0.0,0.0,0.0,0.0,1.0,0.0,0.0,0.0,1.0,0.0
182,82,24,85,3.0,30.0,13.0,18.0,Happiness,0.0,0.0,0.0,1.0,0.0,0.0,0.0,0.0,0.0,1.0
183,83,34,120,5.0,55.0,19.0,25.0,Anger,0.0,1.0,0.0,0.0,0.0,0.0,0.0,1.0,0.0,0.0
184,84,22,70,1.0,20.0,5.0,22.0,Neutral,0.0,0.0,0.0,0.0,0.0,1.0,0.0,0.0,1.0,0.0
185,85,29,75,2.0,18.0,8.0,20.0,Boredom,1.0,0.0,0.0,0.0,0.0,0.0,0.0,0.0,0.0,1.0
186,86,28,100,4.0,35.0,12.0,26.0,Anxiety,0.0,0.0,0.0,0.0,0.0,0.0,1.0,1.0,0.0,0.0
187,87,31,85,3.0,40.0,15.0,28.0,Sadness,0.0,0.0,0.0,0.0,1.0,0.0,0.0,0.0,1.0,0.0
188,88,21,60,1.0,15.0,5.0,12.0,Neutral,0.0,0.0,0.0,1.0,0.0,0.0,0.0,0.0,0.0,1.0
189,89,25,170,6.0,78.0,22.0,33.0,Happiness,0.0,1.0,0.0,0.0,0.0,0.0,0.0,1.0,0.0,0.0
190,90,30,70,2.0,28.0,10.0,20.0,Anxiety,0.0,0.0,0.0,0.0,0.0,1.0,0.0,0.0,1.0,0.0
191,91,27,50,1.0,8.0,2.0,10.0,Boredom,1.0,0.0,0.0,0.0,0.0,0.0,0.0,0.0,0.0,1.0
192,92,32,105,4.0,50.0,18.0,25.0,Anger,0.0,0.0,0.0,0.0,0.0,0.0,1.0,1.0,0.0,0.0
193,93,24,75,3.0,33.0,13.0,22.0,Neutral,0.0,0.0,0.0,0.0,1.0,0.0,0.0,0.0,1.0,0.0
194,94,29,95,2.0,20.0,7.0,28.0,Sadness,0.0,0.0,0.0,1.0,0.0,0.0,0.0,1.0,0.0,0.0
195,95,26,150,5.0,65.0,20.0,30.0,Anxiety,0.0,1.0,0.0,0.0,0.0,0.0,0.0,0.0,1.0,0.0
196,96,33,85,4.0,30.0,13.0,18.0,Boredom,0.0,0.0,0.0,0.0,0.0,1.0,0.0,0.0,0.0,1.0
197,97,22,70,1.0,12.0,5.0,10.0,Neutral,1.0,0.0,0.0,0.0,0.0,0.0,0.0,1.0,0.0,0.0
198,98,35,110,3.0,45.0,20.0,25.0,Happiness,0.0,0.0,0.0,0.0,0.0,0.0,1.0,0.0,1.0,0.0
199,99,28,60,2.0,15.0,6.0,18.0,Anger,0.0,0.0,0.0,0.0,1.0,0.0,0.0,0.0,0.0,1.0
200,100,27,120,4.0,38.0,13.0,22.0,Neutral,0.0,0.0,0.0,1.0,0.0,0.0,0.0,1.0,0.0,0.0
201,101,25,120,5.0,50.0,20.0,25.0,Happiness,0.0,1.0,0.0,0.0,0.0,0.0,0.0,1.0,0.0,0.0
202,102,30,90,4.0,30.0,20.0,22.0,Anger,0.0,0.0,0.0,0.0,0.0,1.0,0.0,0.0,1.0,0.0
203,103,22,60,2.0,20.0,10.0,15.0,Neutral,1.0,0.0,0.0,0.0,0.0,0.0,0.0,0.0,0.0,1.0
204,104,28,200,8.0,110.0,40.0,45.0,Anxiety,0.0,1.0,0.0,0.0,0.0,0.0,0.0,1.0,0.0,0.0
205,105,33,45,1.0,10.0,5.0,12.0,Boredom,0.0,0.0,1.0,0.0,0.0,0.0,0.0,0.0,1.0,0.0
206,106,21,150,5.0,65.0,25.0,30.0,Happiness,0.0,1.0,0.0,0.0,0.0,0.0,0.0,0.0,1.0,0.0
207,107,27,85,3.0,40.0,18.0,20.0,Anger,0.0,0.0,0.0,0.0,0.0,1.0,0.0,1.0,0.0,0.0
208,108,24,110,6.0,35.0,16.0,25.0,Sadness,1.0,0.0,0.0,0.0,0.0,0.0,0.0,0.0,0.0,1.0
209,109,29,55,2.0,15.0,5.0,10.0,Neutral,0.0,0.0,1.0,0.0,0.0,0.0,0.0,1.0,0.0,0.0
210,110,31,170,7.0,90.0,35.0,40.0,Happiness,0.0,1.0,0.0,0.0,0.0,0.0,0.0,0.0,1.0,0.0
211,111,23,75,4.0,45.0,20.0,25.0,Anxiety,0.0,0.0,0.0,0.0,0.0,1.0,0.0,1.0,0.0,0.0
212,112,26,95,3.0,30.0,14.0,18.0,Sadness,1.0,0.0,0.0,0.0,0.0,0.0,0.0,0.0,0.0,1.0
213,113,34,65,1.0,14.0,6.0,15.0,Boredom,0.0,0.0,1.0,0.0,0.0,0.0,0.0,0.0,1.0,0.0
214,114,22,180,8.0,100.0,38.0,45.0,Happiness,0.0,1.0,0.0,0.0,0.0,0.0,0.0,1.0,0.0,0.0
215,115,28,100,6.0,50.0,30.0,29.0,Anger,0.0,0.0,0.0,0.0,0.0,1.0,0.0,0.0,1.0,0.0
216,116,21,40,1.0,10.0,4.0,12.0,Neutral,1.0,0.0,0.0,0.0,0.0,0.0,0.0,0.0,0.0,1.0
217,117,35,125,5.0,65.0,22.0,28.0,Anxiety,0.0,1.0,0.0,0.0,0.0,0.0,0.0,1.0,0.0,0.0
218,118,27,90,3.0,40.0,16.0,24.0,Sadness,0.0,0.0,0.0,0.0,0.0,1.0,0.0,0.0,1.0,0.0
219,119,23,50,1.0,12.0,6.0,12.0,Neutral,0.0,0.0,1.0,0.0,0.0,0.0,0.0,0.0,0.0,1.0
220,120,32,140,6.0,75.0,28.0,30.0,Happiness,0.0,1.0,0.0,0.0,0.0,0.0,0.0,1.0,0.0,0.0
221,121,26,75,2.0,30.0,14.0,20.0,Anxiety,1.0,0.0,0.0,0.0,0.0,0.0,0.0,0.0,1.0,0.0
222,122,24,105,4.0,35.0,20.0,23.0,Anger,0.0,0.0,0.0,0.0,0.0,1.0,0.0,1.0,0.0,0.0
223,123,29,60,2.0,17.0,8.0,15.0,Boredom,0.0,0.0,1.0,0.0,0.0,0.0,0.0,0.0,1.0,0.0
224,124,33,190,8.0,105.0,36.0,50.0,Happiness,0.0,1.0,0.0,0.0,0.0,0.0,0.0,0.0,0.0,1.0
225,125,22,70,3.0,25.0,16.0,15.0,Sadness,0.0,0.0,0.0,0.0,0.0,1.0,0.0,1.0,0.0,0.0
226,126,31,80,2.0,20.0,10.0,20.0,Neutral,1.0,0.0,0.0,0.0,0.0,0.0,0.0,0.0,1.0,0.0
227,127,27,55,1.0,12.0,5.0,11.0,Anxiety,0.0,0.0,1.0,0.0,0.0,0.0,0.0,0.0,0.0,1.0
228,128,25,160,6.0,85.0,26.0,30.0,Happiness,0.0,1.0,0.0,0.0,0.0,0.0,0.0,1.0,0.0,0.0
229,129,30,90,4.0,43.0,19.0,24.0,Anger,0.0,0.0,0.0,0.0,0.0,1.0,0.0,0.0,1.0,0.0
230,130,26,45,1.0,8.0,4.0,12.0,Sadness,1.0,0.0,0.0,0.0,0.0,0.0,0.0,0.0,0.0,1.0
231,131,34,65,2.0,17.0,5.0,14.0,Boredom,0.0,0.0,1.0,0.0,0.0,0.0,0.0,1.0,0.0,0.0
232,132,28,145,7.0,80.0,30.0,35.0,Happiness,0.0,1.0,0.0,0.0,0.0,0.0,0.0,0.0,1.0,0.0
233,133,23,70,3.0,30.0,14.0,18.0,Neutral,0.0,0.0,0.0,0.0,0.0,1.0,0.0,0.0,0.0,1.0
234,134,21,130,6.0,95.0,22.0,28.0,Sadness,0.0,1.0,0.0,0.0,0.0,0.0,0.0,1.0,0.0,0.0
235,135,29,65,2.0,27.0,11.0,22.0,Anxiety,1.0,0.0,0.0,0.0,0.0,0.0,0.0,0.0,1.0,0.0
236,136,24,55,1.0,11.0,6.0,11.0,Boredom,0.0,0.0,1.0,0.0,0.0,0.0,0.0,0.0,0.0,1.0
237,137,33,170,7.0,95.0,30.0,38.0,Happiness,0.0,1.0,0.0,0.0,0.0,0.0,0.0,1.0,0.0,0.0
238,138,27,85,4.0,45.0,18.0,24.0,Anger,0.0,0.0,0.0,0.0,0.0,1.0,0.0,0.0,1.0,0.0
239,139,22,115,3.0,60.0,17.0,30.0,Neutral,0.0,1.0,0.0,0.0,0.0,0.0,0.0,1.0,0.0,0.0
240,140,28,100,2.0,22.0,12.0,25.0,Anxiety,1.0,0.0,0.0,0.0,0.0,0.0,0.0,0.0,0.0,1.0
241,141,31,45,1.0,9.0,4.0,10.0,Sadness,0.0,0.0,1.0,0.0,0.0,0.0,0.0,0.0,1.0,0.0
242,142,25,150,6.0,90.0,26.0,30.0,Happiness,0.0,1.0,0.0,0.0,0.0,0.0,0.0,1.0,0.0,0.0
243,143,29,95,4.0,50.0,22.0,22.0,Anger,0.0,0.0,0.0,0.0,0.0,1.0,0.0,0.0,1.0,0.0
244,144,23,105,2.0,25.0,12.0,18.0,Neutral,1.0,0.0,0.0,0.0,0.0,0.0,0.0,0.0,0.0,1.0
245,145,35,60,1.0,15.0,7.0,14.0,Boredom,0.0,0.0,1.0,0.0,0.0,0.0,0.0,1.0,0.0,0.0
246,146,30,175,7.0,100.0,33.0,38.0,Happiness,0.0,1.0,0.0,0.0,0.0,0.0,0.0,0.0,1.0,0.0
247,147,21,90,3.0,37.0,14.0,20.0,Sadness,0.0,0.0,0.0,0.0,0.0,1.0,0.0,1.0,0.0,0.0
248,148,26,75,2.0,30.0,12.0,18.0,Anxiety,1.0,0.0,0.0,0.0,0.0,0.0,0.0,0.0,0.0,1.0
249,149,32,130,5.0,80.0,28.0,31.0,Neutral,0.0,1.0,0.0,0.0,0.0,0.0,0.0,0.0,1.0,0.0
250,150,28,55,1.0,12.0,6.0,10.0,Boredom,0.0,0.0,1.0,0.0,0.0,0.0,0.0,1.0,0.0,0.0
251,151,27,165,6.0,85.0,30.0,28.0,Happiness,0.0,1.0,0.0,0.0,0.0,0.0,0.0,0.0,1.0,0.0
252,152,24,75,3.0,33.0,18.0,19.0,Anger,0.0,0.0,0.0,0.0,0.0,1.0,0.0,1.0,0.0,0.0
253,153,29,85,2.0,27.0,9.0,20.0,Neutral,1.0,0.0,0.0,0.0,0.0,0.0,0.0,0.0,0.0,1.0
254,154,33,145,4.0,65.0,23.0,35.0,Sadness,0.0,1.0,0.0,0.0,0.0,0.0,0.0,1.0,0.0,0.0
255,155,31,60,1.0,15.0,7.0,17.0,Anxiety,0.0,0.0,1.0,0.0,0.0,0.0,0.0,0.0,1.0,0.0
256,156,22,70,2.0,42.0,10.0,21.0,Anxiety,0.0,0.0,0.0,0.0,0.0,0.0,1.0,1.0,0.0,0.0
257,157,25,90,3.0,22.0,11.0,22.0,Boredom,0.0,0.0,0.0,0.0,1.0,0.0,0.0,0.0,1.0,0.0
258,158,29,50,2.0,18.0,7.0,18.0,Sadness,0.0,0.0,0.0,1.0,0.0,0.0,0.0,0.0,0.0,1.0
259,159,28,95,4.0,48.0,22.0,25.0,Happiness,0.0,0.0,0.0,0.0,0.0,1.0,0.0,1.0,0.0,0.0
260,160,27,60,1.0,12.0,5.0,15.0,Boredom,1.0,0.0,0.0,0.0,0.0,0.0,0.0,0.0,1.0,0.0
261,161,30,175,6.0,72.0,30.0,33.0,Happiness,0.0,1.0,0.0,0.0,0.0,0.0,0.0,1.0,0.0,0.0
262,162,23,70,3.0,22.0,10.0,18.0,Anger,0.0,0.0,0.0,0.0,0.0,0.0,1.0,0.0,1.0,0.0
263,163,34,80,2.0,21.0,8.0,20.0,Neutral,0.0,0.0,0.0,0.0,1.0,0.0,0.0,0.0,0.0,1.0
264,164,26,120,4.0,55.0,18.0,30.0,Anxiety,0.0,0.0,0.0,1.0,0.0,0.0,0.0,1.0,0.0,0.0
265,165,25,90,6.0,42.0,14.0,26.0,Sadness,0.0,0.0,0.0,0.0,0.0,1.0,0.0,0.0,1.0,0.0
266,166,29,60,1.0,12.0,4.0,12.0,Boredom,1.0,0.0,0.0,0.0,0.0,0.0,0.0,0.0,0.0,1.0
267,167,28,165,5.0,78.0,23.0,35.0,Happiness,0.0,1.0,0.0,0.0,0.0,0.0,0.0,0.0,1.0,0.0
268,168,31,65,2.0,27.0,10.0,20.0,Neutral,0.0,0.0,0.0,0.0,0.0,0.0,1.0,1.0,0.0,0.0
269,169,27,105,3.0,48.0,20.0,28.0,Anxiety,0.0,0.0,0.0,0.0,1.0,0.0,0.0,0.0,1.0,0.0
270,170,22,75,2.0,21.0,8.0,20.0,Sadness,0.0,0.0,0.0,1.0,0.0,0.0,0.0,0.0,0.0,1.0
271,171,24,140,4.0,65.0,22.0,30.0,Happiness,0.0,1.0,0.0,0.0,0.0,0.0,0.0,1.0,0.0,0.0
272,172,35,70,1.0,13.0,8.0,10.0,Boredom,0.0,0.0,0.0,0.0,0.0,1.0,0.0,0.0,1.0,0.0
273,173,21,55,3.0,17.0,7.0,12.0,Neutral,1.0,0.0,0.0,0.0,0.0,0.0,0.0,0.0,0.0,1.0
274,174,29,90,2.0,24.0,12.0,22.0,Anger,0.0,0.0,0.0,0.0,0.0,0.0,1.0,1.0,0.0,0.0
275,175,25,80,4.0,30.0,13.0,25.0,Neutral,0.0,0.0,0.0,0.0,1.0,0.0,0.0,0.0,1.0,0.0
276,176,28,115,3.0,38.0,18.0,27.0,Anxiety,0.0,0.0,0.0,1.0,0.0,0.0,0.0,0.0,0.0,1.0
277,177,32,155,6.0,75.0,25.0,38.0,Happiness,0.0,1.0,0.0,0.0,0.0,0.0,0.0,1.0,0.0,0.0
278,178,26,75,2.0,23.0,12.0,18.0,Sadness,0.0,0.0,0.0,0.0,0.0,1.0,0.0,0.0,1.0,0.0
279,179,33,65,1.0,13.0,7.0,14.0,Anxiety,1.0,0.0,0.0,0.0,0.0,0.0,0.0,0.0,0.0,1.0
280,180,27,90,4.0,37.0,18.0,20.0,Neutral,0.0,0.0,0.0,0.0,0.0,0.0,1.0,1.0,0.0,0.0
281,181,31,50,2.0,20.0,10.0,12.0,Sadness,0.0,0.0,0.0,0.0,1.0,0.0,0.0,0.0,1.0,0.0
282,182,24,85,3.0,33.0,20.0,18.0,Happiness,0.0,0.0,0.0,1.0,0.0,0.0,0.0,0.0,0.0,1.0
283,183,34,120,5.0,60.0,25.0,25.0,Anger,0.0,1.0,0.0,0.0,0.0,0.0,0.0,1.0,0.0,0.0
284,184,22,70,1.0,22.0,7.0,22.0,Neutral,0.0,0.0,0.0,0.0,0.0,1.0,0.0,0.0,1.0,0.0
285,185,29,75,2.0,20.0,8.0,20.0,Boredom,1.0,0.0,0.0,0.0,0.0,0.0,0.0,0.0,0.0,1.0
286,186,28,100,4.0,37.0,14.0,26.0,Anxiety,0.0,0.0,0.0,0.0,0.0,0.0,1.0,1.0,0.0,0.0
287,187,31,85,3.0,45.0,20.0,28.0,Sadness,0.0,0.0,0.0,0.0,1.0,0.0,0.0,0.0,1.0,0.0
288,188,21,60,1.0,18.0,7.0,12.0,Neutral,0.0,0.0,0.0,1.0,0.0,0.0,0.0,0.0,0.0,1.0
289,189,25,170,6.0,83.0,30.0,33.0,Happiness,0.0,1.0,0.0,0.0,0.0,0.0,0.0,1.0,0.0,0.0
290,190,30,70,2.0,30.0,12.0,20.0,Anxiety,0.0,0.0,0.0,0.0,0.0,1.0,0.0,0.0,1.0,0.0
291,191,27,50,1.0,10.0,4.0,10.0,Boredom,1.0,0.0,0.0,0.0,0.0,0.0,0.0,0.0,0.0,1.0
292,192,32,105,4.0,55.0,25.0,25.0,Anger,0.0,0.0,0.0,0.0,0.0,0.0,1.0,1.0,0.0,0.0
293,193,24,75,3.0,37.0,16.0,22.0,Neutral,0.0,0.0,0.0,0.0,1.0,0.0,0.0,0.0,1.0,0.0
294,194,29,95,2.0,23.0,10.0,28.0,Sadness,0.0,0.0,0.0,1.0,0.0,0.0,0.0,1.0,0.0,0.0
295,195,26,150,5.0,70.0,25.0,30.0,Anxiety,0.0,1.0,0.0,0.0,0.0,0.0,0.0,0.0,1.0,0.0
296,196,33,85,4.0,35.0,18.0,18.0,Boredom,0.0,0.0,0.0,0.0,0.0,1.0,0.0,0.0,0.0,1.0
297,197,22,70,1.0,14.0,6.0,10.0,Neutral,1.0,0.0,0.0,0.0,0.0,0.0,0.0,1.0,0.0,0.0
298,198,35,110,3.0,50.0,25.0,25.0,Happiness,0.0,0.0,0.0,0.0,0.0,0.0,1.0,0.0,1.0,0.0
299,199,28,60,2.0,18.0,8.0,18.0,Anger,0.0,0.0,0.0,0.0,1.0,0.0,0.0,0.0,0.0,1.0
300,200,27,120,4.0,40.0,18.0,22.0,Neutral,0.0,0.0,0.0,1.0,0.0,0.0,0.0,1.0,0.0,0.0
301,201,25,120,5.0,50.0,20.0,25.0,Happiness,0.0,1.0,0.0,0.0,0.0,0.0,0.0,1.0,0.0,0.0
302,202,30,90,4.0,30.0,20.0,22.0,Anger,0.0,0.0,0.0,0.0,0.0,1.0,0.0,0.0,1.0,0.0
303,203,22,60,2.0,20.0,10.0,15.0,Neutral,1.0,0.0,0.0,0.0,0.0,0.0,0.0,0.0,0.0,1.0
304,204,28,200,8.0,110.0,40.0,45.0,Anxiety,0.0,1.0,0.0,0.0,0.0,0.0,0.0,1.0,0.0,0.0
305,205,33,45,1.0,10.0,5.0,12.0,Boredom,0.0,0.0,1.0,0.0,0.0,0.0,0.0,0.0,1.0,0.0
306,206,21,150,5.0,65.0,25.0,30.0,Happiness,0.0,1.0,0.0,0.0,0.0,0.0,0.0,0.0,1.0,0.0
307,207,27,85,3.0,40.0,18.0,20.0,Anger,0.0,0.0,0.0,0.0,0.0,1.0,0.0,1.0,0.0,0.0
308,208,24,110,6.0,35.0,16.0,25.0,Sadness,1.0,0.0,0.0,0.0,0.0,0.0,0.0,0.0,0.0,1.0
309,209,29,55,2.0,15.0,5.0,10.0,Neutral,0.0,0.0,1.0,0.0,0.0,0.0,0.0,1.0,0.0,0.0
310,210,31,170,7.0,90.0,35.0,40.0,Happiness,0.0,1.0,0.0,0.0,0.0,0.0,0.0,0.0,1.0,0.0
311,211,23,75,4.0,45.0,20.0,25.0,Anxiety,0.0,0.0,0.0,0.0,0.0,1.0,0.0,1.0,0.0,0.0
312,212,26,95,3.0,30.0,14.0,18.0,Sadness,1.0,0.0,0.0,0.0,0.0,0.0,0.0,0.0,0.0,1.0
313,213,34,65,1.0,14.0,6.0,15.0,Boredom,0.0,0.0,1.0,0.0,0.0,0.0,0.0,0.0,1.0,0.0
314,214,22,180,8.0,100.0,38.0,45.0,Happiness,0.0,1.0,0.0,0.0,0.0,0.0,0.0,1.0,0.0,0.0
315,215,28,100,6.0,50.0,30.0,29.0,Anger,0.0,0.0,0.0,0.0,0.0,1.0,0.0,0.0,1.0,0.0
316,216,21,40,1.0,10.0,4.0,12.0,Neutral,1.0,0.0,0.0,0.0,0.0,0.0,0.0,0.0,0.0,1.0
317,217,35,125,5.0,65.0,22.0,28.0,Anxiety,0.0,1.0,0.0,0.0,0.0,0.0,0.0,1.0,0.0,0.0
318,218,27,90,3.0,40.0,16.0,24.0,Sadness,0.0,0.0,0.0,0.0,0.0,1.0,0.0,0.0,1.0,0.0
319,219,23,50,1.0,12.0,6.0,12.0,Neutral,0.0,0.0,1.0,0.0,0.0,0.0,0.0,0.0,0.0,1.0
320,220,32,140,6.0,75.0,28.0,30.0,Happiness,0.0,1.0,0.0,0.0,0.0,0.0,0.0,1.0,0.0,0.0
321,221,26,75,2.0,30.0,14.0,20.0,Anxiety,1.0,0.0,0.0,0.0,0.0,0.0,0.0,0.0,1.0,0.0
322,222,24,105,4.0,35.0,20.0,23.0,Anger,0.0,0.0,0.0,0.0,0.0,1.0,0.0,1.0,0.0,0.0
323,223,29,60,2.0,17.0,8.0,15.0,Boredom,0.0,0.0,1.0,0.0,0.0,0.0,0.0,0.0,1.0,0.0
324,224,33,190,8.0,105.0,36.0,50.0,Happiness,0.0,1.0,0.0,0.0,0.0,0.0,0.0,0.0,0.0,1.0
325,225,22,70,3.0,25.0,16.0,15.0,Sadness,0.0,0.0,0.0,0.0,0.0,1.0,0.0,1.0,0.0,0.0
326,226,31,80,2.0,20.0,10.0,20.0,Neutral,1.0,0.0,0.0,0.0,0.0,0.0,0.0,0.0,1.0,0.0
327,227,27,55,1.0,12.0,5.0,11.0,Anxiety,0.0,0.0,1.0,0.0,0.0,0.0,0.0,0.0,0.0,1.0
328,228,25,160,6.0,85.0,26.0,30.0,Happiness,0.0,1.0,0.0,0.0,0.0,0.0,0.0,1.0,0.0,0.0
329,229,30,90,4.0,43.0,19.0,24.0,Anger,0.0,0.0,0.0,0.0,0.0,1.0,0.0,0.0,1.0,0.0
330,230,26,45,1.0,8.0,4.0,12.0,Sadness,1.0,0.0,0.0,0.0,0.0,0.0,0.0,0.0,0.0,1.0
331,231,34,65,2.0,17.0,5.0,14.0,Boredom,0.0,0.0,1.0,0.0,0.0,0.0,0.0,1.0,0.0,0.0
332,232,28,145,7.0,80.0,30.0,35.0,Happiness,0.0,1.0,0.0,0.0,0.0,0.0,0.0,0.0,1.0,0.0
333,233,23,70,3.0,30.0,14.0,18.0,Neutral,0.0,0.0,0.0,0.0,0.0,1.0,0.0,0.0,0.0,1.0
334,234,21,130,6.0,95.0,22.0,28.0,Sadness,0.0,1.0,0.0,0.0,0.0,0.0,0.0,1.0,0.0,0.0
335,235,29,65,2.0,27.0,11.0,22.0,Anxiety,1.0,0.0,0.0,0.0,0.0,0.0,0.0,0.0,1.0,0.0
336,236,24,55,1.0,11.0,6.0,11.0,Boredom,0.0,0.0,1.0,0.0,0.0,0.0,0.0,0.0,0.0,1.0
337,237,33,170,7.0,95.0,30.0,38.0,Happiness,0.0,1.0,0.0,0.0,0.0,0.0,0.0,1.0,0.0,0.0
338,238,27,85,4.0,45.0,18.0,24.0,Anger,0.0,0.0,0.0,0.0,0.0,1.0,0.0,0.0,1.0,0.0
339,239,22,115,3.0,60.0,17.0,30.0,Neutral,0.0,1.0,0.0,0.0,0.0,0.0,0.0,1.0,0.0,0.0
340,240,28,100,2.0,22.0,12.0,25.0,Anxiety,1.0,0.0,0.0,0.0,0.0,0.0,0.0,0.0,0.0,1.0
341,241,31,45,1.0,9.0,4.0,10.0,Sadness,0.0,0.0,1.0,0.0,0.0,0.0,0.0,0.0,1.0,0.0
342,242,25,150,6.0,90.0,26.0,30.0,Happiness,0.0,1.0,0.0,0.0,0.0,0.0,0.0,1.0,0.0,0.0
343,243,29,95,4.0,50.0,22.0,22.0,Anger,0.0,0.0,0.0,0.0,0.0,1.0,0.0,0.0,1.0,0.0
344,244,23,105,2.0,25.0,12.0,18.0,Neutral,1.0,0.0,0.0,0.0,0.0,0.0,0.0,0.0,0.0,1.0
345,245,35,60,1.0,15.0,7.0,14.0,Boredom,0.0,0.0,1.0,0.0,0.0,0.0,0.0,1.0,0.0,0.0
346,246,30,175,7.0,100.0,33.0,38.0,Happiness,0.0,1.0,0.0,0.0,0.0,0.0,0.0,0.0,1.0,0.0
347,247,21,90,3.0,37.0,14.0,20.0,Sadness,0.0,0.0,0.0,0.0,0.0,1.0,0.0,1.0,0.0,0.0
348,248,26,75,2.0,30.0,12.0,18.0,Anxiety,1.0,0.0,0.0,0.0,0.0,0.0,0.0,0.0,0.0,1.0
349,249,32,130,5.0,80.0,28.0,31.0,Neutral,0.0,1.0,0.0,0.0,0.0,0.0,0.0,0.0,1.0,0.0
350,250,28,55,1.0,12.0,6.0,10.0,Boredom,0.0,0.0,1.0,0.0,0.0,0.0,0.0,1.0,0.0,0.0
351,251,27,165,6.0,85.0,30.0,28.0,Happiness,0.0,1.0,0.0,0.0,0.0,0.0,0.0,0.0,1.0,0.0
352,252,24,75,3.0,33.0,18.0,19.0,Anger,0.0,0.0,0.0,0.0,0.0,1.0,0.0,1.0,0.0,0.0
353,253,29,85,2.0,27.0,9.0,20.0,Neutral,1.0,0.0,0.0,0.0,0.0,0.0,0.0,0.0,0.0,1.0
354,254,33,145,4.0,65.0,23.0,35.0,Sadness,0.0,1.0,0.0,0.0,0.0,0.0,0.0,1.0,0.0,0.0
355,255,31,60,1.0,15.0,7.0,17.0,Anxiety,0.0,0.0,1.0,0.0,0.0,0.0,0.0,0.0,1.0,0.0
356,256,22,70,2.0,42.0,10.0,21.0,Anxiety,0.0,0.0,0.0,0.0,0.0,0.0,1.0,1.0,0.0,0.0
357,257,25,90,3.0,22.0,11.0,22.0,Boredom,0.0,0.0,0.0,0.0,1.0,0.0,0.0,0.0,1.0,0.0
358,258,29,50,2.0,18.0,7.0,18.0,Sadness,0.0,0.0,0.0,1.0,0.0,0.0,0.0,0.0,0.0,1.0
359,259,28,95,4.0,48.0,22.0,25.0,Happiness,0.0,0.0,0.0,0.0,0.0,1.0,0.0,1.0,0.0,0.0
360,260,27,60,1.0,12.0,5.0,15.0,Boredom,1.0,0.0,0.0,0.0,0.0,0.0,0.0,0.0,1.0,0.0
361,261,30,175,6.0,72.0,30.0,33.0,Happiness,0.0,1.0,0.0,0.0,0.0,0.0,0.0,1.0,0.0,0.0
362,262,23,70,3.0,22.0,10.0,18.0,Anger,0.0,0.0,0.0,0.0,0.0,0.0,1.0,0.0,1.0,0.0
363,263,34,80,2.0,21.0,8.0,20.0,Neutral,0.0,0.0,0.0,0.0,1.0,0.0,0.0,0.0,0.0,1.0
364,264,26,120,4.0,55.0,18.0,30.0,Anxiety,0.0,0.0,0.0,1.0,0.0,0.0,0.0,1.0,0.0,0.0
365,265,25,90,6.0,42.0,14.0,26.0,Sadness,0.0,0.0,0.0,0.0,0.0,1.0,0.0,0.0,1.0,0.0
366,266,29,60,1.0,12.0,4.0,12.0,Boredom,1.0,0.0,0.0,0.0,0.0,0.0,0.0,0.0,0.0,1.0
367,267,28,165,5.0,78.0,23.0,35.0,Happiness,0.0,1.0,0.0,0.0,0.0,0.0,0.0,0.0,1.0,0.0
368,268,31,65,2.0,27.0,10.0,20.0,Neutral,0.0,0.0,0.0,0.0,0.0,0.0,1.0,1.0,0.0,0.0
369,269,27,105,3.0,48.0,20.0,28.0,Anxiety,0.0,0.0,0.0,0.0,1.0,0.0,0.0,0.0,1.0,0.0
370,270,22,75,2.0,21.0,8.0,20.0,Sadness,0.0,0.0,0.0,1.0,0.0,0.0,0.0,0.0,0.0,1.0
371,271,24,140,4.0,65.0,22.0,30.0,Happiness,0.0,1.0,0.0,0.0,0.0,0.0,0.0,1.0,0.0,0.0
372,272,35,70,1.0,13.0,8.0,10.0,Boredom,0.0,0.0,0.0,0.0,0.0,1.0,0.0,0.0,1.0,0.0
373,273,21,55,3.0,17.0,7.0,12.0,Neutral,1.0,0.0,0.0,0.0,0.0,0.0,0.0,0.0,0.0,1.0
374,274,29,90,2.0,24.0,12.0,22.0,Anger,0.0,0.0,0.0,0.0,0.0,0.0,1.0,1.0,0.0,0.0
375,275,25,80,4.0,30.0,13.0,25.0,Neutral,0.0,0.0,0.0,0.0,1.0,0.0,0.0,0.0,1.0,0.0
376,276,28,115,3.0,38.0,18.0,27.0,Anxiety,0.0,0.0,0.0,1.0,0.0,0.0,0.0,0.0,0.0,1.0
377,277,32,155,6.0,75.0,25.0,38.0,Happiness,0.0,1.0,0.0,0.0,0.0,0.0,0.0,1.0,0.0,0.0
378,278,26,75,2.0,23.0,12.0,18.0,Sadness,0.0,0.0,0.0,0.0,0.0,1.0,0.0,0.0,1.0,0.0
379,279,33,65,1.0,13.0,7.0,14.0,Anxiety,1.0,0.0,0.0,0.0,0.0,0.0,0.0,0.0,0.0,1.0
380,280,27,90,4.0,37.0,18.0,20.0,Neutral,0.0,0.0,0.0,0.0,0.0,0.0,1.0,1.0,0.0,0.0
381,281,31,50,2.0,20.0,10.0,12.0,Sadness,0.0,0.0,0.0,0.0,1.0,0.0,0.0,0.0,1.0,0.0
382,282,24,85,3.0,33.0,20.0,18.0,Happiness,0.0,0.0,0.0,1.0,0.0,0.0,0.0,0.0,0.0,1.0
383,283,34,120,5.0,60.0,25.0,25.0,Anger,0.0,1.0,0.0,0.0,0.0,0.0,0.0,1.0,0.0,0.0
384,284,22,70,1.0,22.0,7.0,22.0,Neutral,0.0,0.0,0.0,0.0,0.0,1.0,0.0,0.0,1.0,0.0
385,285,29,75,2.0,20.0,8.0,20.0,Boredom,1.0,0.0,0.0,0.0,0.0,0.0,0.0,0.0,0.0,1.0
386,286,28,100,4.0,37.0,14.0,26.0,Anxiety,0.0,0.0,0.0,0.0,0.0,0.0,1.0,1.0,0.0,0.0
387,287,31,85,3.0,45.0,20.0,28.0,Sadness,0.0,0.0,0.0,0.0,1.0,0.0,0.0,0.0,1.0,0.0
388,288,21,60,1.0,18.0,7.0,12.0,Neutral,0.0,0.0,0.0,1.0,0.0,0.0,0.0,0.0,0.0,1.0
389,289,25,170,6.0,83.0,30.0,33.0,Happiness,0.0,1.0,0.0,0.0,0.0,0.0,0.0,1.0,0.0,0.0
390,290,30,70,2.0,30.0,12.0,20.0,Anxiety,0.0,0.0,0.0,0.0,0.0,1.0,0.0,0.0,1.0,0.0
391,291,27,50,1.0,10.0,4.0,10.0,Boredom,1.0,0.0,0.0,0.0,0.0,0.0,0.0,0.0,0.0,1.0
392,292,32,105,4.0,55.0,25.0,25.0,Anger,0.0,0.0,0.0,0.0,0.0,0.0,1.0,1.0,0.0,0.0
393,293,24,75,3.0,37.0,16.0,22.0,Neutral,0.0,0.0,0.0,0.0,1.0,0.0,0.0,0.0,1.0,0.0
394,294,29,95,2.0,23.0,10.0,28.0,Sadness,0.0,0.0,0.0,1.0,0.0,0.0,0.0,1.0,0.0,0.0
395,295,26,150,5.0,70.0,25.0,30.0,Anxiety,0.0,1.0,0.0,0.0,0.0,0.0,0.0,0.0,1.0,0.0
396,296,33,85,4.0,35.0,18.0,18.0,Boredom,0.0,0.0,0.0,0.0,0.0,1.0,0.0,0.0,0.0,1.0
397,297,22,70,1.0,14.0,6.0,10.0,Neutral,1.0,0.0,0.0,0.0,0.0,0.0,0.0,1.0,0.0,0.0
398,298,35,110,3.0,50.0,25.0,25.0,Happiness,0.0,0.0,0.0,0.0,0.0,0.0,1.0,0.0,1.0,0.0
399,299,28,60,2.0,18.0,8.0,18.0,Anger,0.0,0.0,0.0,0.0,1.0,0.0,0.0,0.0,0.0,1.0
400,300,27,120,4.0,40.0,18.0,22.0,Neutral,0.0,0.0,0.0,1.0,0.0,0.0,0.0,1.0,0.0,0.0
401,301,25,120,5.0,50.0,20.0,25.0,Happiness,0.0,1.0,0.0,0.0,0.0,0.0,0.0,1.0,0.0,0.0
402,302,30,90,4.0,30.0,20.0,22.0,Anger,0.0,0.0,0.0,0.0,0.0,1.0,0.0,0.0,1.0,0.0
403,303,22,60,2.0,20.0,10.0,15.0,Neutral,1.0,0.0,0.0,0.0,0.0,0.0,0.0,0.0,0.0,1.0
404,304,28,200,8.0,110.0,40.0,45.0,Anxiety,0.0,1.0,0.0,0.0,0.0,0.0,0.0,1.0,0.0,0.0
405,305,33,45,1.0,10.0,5.0,12.0,Boredom,0.0,0.0,1.0,0.0,0.0,0.0,0.0,0.0,1.0,0.0
406,306,21,150,5.0,65.0,25.0,30.0,Happiness,0.0,1.0,0.0,0.0,0.0,0.0,0.0,0.0,1.0,0.0
407,307,27,85,3.0,40.0,18.0,20.0,Anger,0.0,0.0,0.0,0.0,0.0,1.0,0.0,1.0,0.0,0.0
408,308,24,110,6.0,35.0,16.0,25.0,Sadness,1.0,0.0,0.0,0.0,0.0,0.0,0.0,0.0,0.0,1.0
409,309,29,55,2.0,15.0,5.0,10.0,Neutral,0.0,0.0,1.0,0.0,0.0,0.0,0.0,1.0,0.0,0.0
410,310,31,170,7.0,90.0,35.0,40.0,Happiness,0.0,1.0,0.0,0.0,0.0,0.0,0.0,0.0,1.0,0.0
411,311,23,75,4.0,45.0,20.0,25.0,Anxiety,0.0,0.0,0.0,0.0,0.0,1.0,0.0,1.0,0.0,0.0
412,312,26,95,3.0,30.0,14.0,18.0,Sadness,1.0,0.0,0.0,0.0,0.0,0.0,0.0,0.0,0.0,1.0
413,313,34,65,1.0,14.0,6.0,15.0,Boredom,0.0,0.0,1.0,0.0,0.0,0.0,0.0,0.0,1.0,0.0
414,314,22,180,8.0,100.0,38.0,45.0,Happiness,0.0,1.0,0.0,0.0,0.0,0.0,0.0,1.0,0.0,0.0
415,315,28,100,6.0,50.0,30.0,29.0,Anger,0.0,0.0,0.0,0.0,0.0,1.0,0.0,0.0,1.0,0.0
416,316,21,40,1.0,10.0,4.0,12.0,Neutral,1.0,0.0,0.0,0.0,0.0,0.0,0.0,0.0,0.0,1.0
417,317,35,125,5.0,65.0,22.0,28.0,Anxiety,0.0,1.0,0.0,0.0,0.0,0.0,0.0,1.0,0.0,0.0
418,318,27,90,3.0,40.0,16.0,24.0,Sadness,0.0,0.0,0.0,0.0,0.0,1.0,0.0,0.0,1.0,0.0
419,319,23,50,1.0,12.0,6.0,12.0,Neutral,0.0,0.0,1.0,0.0,0.0,0.0,0.0,0.0,0.0,1.0
420,320,32,140,6.0,75.0,28.0,30.0,Happiness,0.0,1.0,0.0,0.0,0.0,0.0,0.0,1.0,0.0,0.0
421,321,26,75,2.0,30.0,14.0,20.0,Anxiety,1.0,0.0,0.0,0.0,0.0,0.0,0.0,0.0,1.0,0.0
422,322,24,105,4.0,35.0,20.0,23.0,Anger,0.0,0.0,0.0,0.0,0.0,1.0,0.0,1.0,0.0,0.0
423,323,29,60,2.0,17.0,8.0,15.0,Boredom,0.0,0.0,1.0,0.0,0.0,0.0,0.0,0.0,1.0,0.0
424,324,33,190,8.0,105.0,36.0,50.0,Happiness,0.0,1.0,0.0,0.0,0.0,0.0,0.0,0.0,0.0,1.0
425,325,22,70,3.0,25.0,16.0,15.0,Sadness,0.0,0.0,0.0,0.0,0.0,1.0,0.0,1.0,0.0,0.0
426,326,31,80,2.0,20.0,10.0,20.0,Neutral,1.0,0.0,0.0,0.0,0.0,0.0,0.0,0.0,1.0,0.0
427,327,27,55,1.0,12.0,5.0,11.0,Anxiety,0.0,0.0,1.0,0.0,0.0,0.0,0.0,0.0,0.0,1.0
428,328,25,160,6.0,85.0,26.0,30.0,Happiness,0.0,1.0,0.0,0.0,0.0,0.0,0.0,1.0,0.0,0.0
429,329,30,90,4.0,43.0,19.0,24.0,Anger,0.0,0.0,0.0,0.0,0.0,1.0,0.0,0.0,1.0,0.0
430,330,26,45,1.0,8.0,4.0,12.0,Sadness,1.0,0.0,0.0,0.0,0.0,0.0,0.0,0.0,0.0,1.0
431,331,34,65,2.0,17.0,5.0,14.0,Boredom,0.0,0.0,1.0,0.0,0.0,0.0,0.0,1.0,0.0,0.0
432,332,28,145,7.0,80.0,30.0,35.0,Happiness,0.0,1.0,0.0,0.0,0.0,0.0,0.0,0.0,1.0,0.0
433,333,23,70,3.0,30.0,14.0,18.0,Neutral,0.0,0.0,0.0,0.0,0.0,1.0,0.0,0.0,0.0,1.0
434,334,21,130,6.0,95.0,22.0,28.0,Sadness,0.0,1.0,0.0,0.0,0.0,0.0,0.0,1.0,0.0,0.0
435,335,29,65,2.0,27.0,11.0,22.0,Anxiety,1.0,0.0,0.0,0.0,0.0,0.0,0.0,0.0,1.0,0.0
436,336,24,55,1.0,11.0,6.0,11.0,Boredom,0.0,0.0,1.0,0.0,0.0,0.0,0.0,0.0,0.0,1.0
437,337,33,170,7.0,95.0,30.0,38.0,Happiness,0.0,1.0,0.0,0.0,0.0,0.0,0.0,1.0,0.0,0.0
438,338,27,85,4.0,45.0,18.0,24.0,Anger,0.0,0.0,0.0,0.0,0.0,1.0,0.0,0.0,1.0,0.0
439,339,22,115,3.0,60.0,17.0,30.0,Neutral,0.0,1.0,0.0,0.0,0.0,0.0,0.0,1.0,0.0,0.0
440,340,28,100,2.0,22.0,12.0,25.0,Anxiety,1.0,0.0,0.0,0.0,0.0,0.0,0.0,0.0,0.0,1.0
441,341,31,45,1.0,9.0,4.0,10.0,Sadness,0.0,0.0,1.0,0.0,0.0,0.0,0.0,0.0,1.0,0.0
442,342,25,150,6.0,90.0,26.0,30.0,Happiness,0.0,1.0,0.0,0.0,0.0,0.0,0.0,1.0,0.0,0.0
443,343,29,95,4.0,50.0,22.0,22.0,Anger,0.0,0.0,0.0,0.0,0.0,1.0,0.0,0.0,1.0,0.0
444,344,23,105,2.0,25.0,12.0,18.0,Neutral,1.0,0.0,0.0,0.0,0.0,0.0,0.0,0.0,0.0,1.0
445,345,35,60,1.0,15.0,7.0,14.0,Boredom,0.0,0.0,1.0,0.0,0.0,0.0,0.0,1.0,0.0,0.0
446,346,30,175,7.0,100.0,33.0,38.0,Happiness,0.0,1.0,0.0,0.0,0.0,0.0,0.0,0.0,1.0,0.0
447,347,21,90,3.0,37.0,14.0,20.0,Sadness,0.0,0.0,0.0,0.0,0.0,1.0,0.0,1.0,0.0,0.0
448,348,26,75,2.0,30.0,12.0,18.0,Anxiety,1.0,0.0,0.0,0.0,0.0,0.0,0.0,0.0,0.0,1.0
449,349,32,130,5.0,80.0,28.0,31.0,Neutral,0.0,1.0,0.0,0.0,0.0,0.0,0.0,0.0,1.0,0.0
450,350,28,55,1.0,12.0,6.0,10.0,Boredom,0.0,0.0,1.0,0.0,0.0,0.0,0.0,1.0,0.0,0.0
451,351,27,165,6.0,85.0,30.0,28.0,Happiness,0.0,1.0,0.0,0.0,0.0,0.0,0.0,0.0,1.0,0.0
452,352,24,75,3.0,33.0,18.0,19.0,Anger,0.0,0.0,0.0,0.0,0.0,1.0,0.0,1.0,0.0,0.0
453,353,29,85,2.0,27.0,9.0,20.0,Neutral,1.0,0.0,0.0,0.0,0.0,0.0,0.0,0.0,0.0,1.0
454,354,33,145,4.0,65.0,23.0,35.0,Sadness,0.0,1.0,0.0,0.0,0.0,0.0,0.0,1.0,0.0,0.0
455,355,31,60,1.0,15.0,7.0,17.0,Anxiety,0.0,0.0,1.0,0.0,0.0,0.0,0.0,0.0,1.0,0.0
456,356,22,70,2.0,42.0,10.0,21.0,Anxiety,0.0,0.0,0.0,0.0,0.0,0.0,1.0,1.0,0.0,0.0
457,357,25,90,3.0,22.0,11.0,22.0,Boredom,0.0,0.0,0.0,0.0,1.0,0.0,0.0,0.0,1.0,0.0
458,358,29,50,2.0,18.0,7.0,18.0,Sadness,0.0,0.0,0.0,1.0,0.0,0.0,0.0,0.0,0.0,1.0
459,359,28,95,4.0,48.0,22.0,25.0,Happiness,0.0,0.0,0.0,0.0,0.0,1.0,0.0,1.0,0.0,0.0
460,360,27,60,1.0,12.0,5.0,15.0,Boredom,1.0,0.0,0.0,0.0,0.0,0.0,0.0,0.0,1.0,0.0
461,361,30,175,6.0,72.0,30.0,33.0,Happiness,0.0,1.0,0.0,0.0,0.0,0.0,0.0,1.0,0.0,0.0
462,362,23,70,3.0,22.0,10.0,18.0,Anger,0.0,0.0,0.0,0.0,0.0,0.0,1.0,0.0,1.0,0.0
463,363,34,80,2.0,21.0,8.0,20.0,Neutral,0.0,0.0,0.0,0.0,1.0,0.0,0.0,0.0,0.0,1.0
464,364,26,120,4.0,55.0,18.0,30.0,Anxiety,0.0,0.0,0.0,1.0,0.0,0.0,0.0,1.0,0.0,0.0
465,365,25,90,6.0,42.0,14.0,26.0,Sadness,0.0,0.0,0.0,0.0,0.0,1.0,0.0,0.0,1.0,0.0
466,366,29,60,1.0,12.0,4.0,12.0,Boredom,1.0,0.0,0.0,0.0,0.0,0.0,0.0,0.0,0.0,1.0
467,367,28,165,5.0,78.0,23.0,35.0,Happiness,0.0,1.0,0.0,0.0,0.0,0.0,0.0,0.0,1.0,0.0
468,368,31,65,2.0,27.0,10.0,20.0,Neutral,0.0,0.0,0.0,0.0,0.0,0.0,1.0,1.0,0.0,0.0
469,369,27,105,3.0,48.0,20.0,28.0,Anxiety,0.0,0.0,0.0,0.0,1.0,0.0,0.0,0.0,1.0,0.0
470,370,22,75,2.0,21.0,8.0,20.0,Sadness,0.0,0.0,0.0,1.0,0.0,0.0,0.0,0.0,0.0,1.0
471,371,24,140,4.0,65.0,22.0,30.0,Happiness,0.0,1.0,0.0,0.0,0.0,0.0,0.0,1.0,0.0,0.0
472,372,35,70,1.0,13.0,8.0,10.0,Boredom,0.0,0.0,0.0,0.0,0.0,1.0,0.0,0.0,1.0,0.0
473,373,21,55,3.0,17.0,7.0,12.0,Neutral,1.0,0.0,0.0,0.0,0.0,0.0,0.0,0.0,0.0,1.0
474,374,29,90,2.0,24.0,12.0,22.0,Anger,0.0,0.0,0.0,0.0,0.0,0.0,1.0,1.0,0.0,0.0
475,375,25,80,4.0,30.0,13.0,25.0,Neutral,0.0,0.0,0.0,0.0,1.0,0.0,0.0,0.0,1.0,0.0
476,376,28,115,3.0,38.0,18.0,27.0,Anxiety,0.0,0.0,0.0,1.0,0.0,0.0,0.0,0.0,0.0,1.0
477,377,32,155,6.0,75.0,25.0,38.0,Happiness,0.0,1.0,0.0,0.0,0.0,0.0,0.0,1.0,0.0,0.0
478,378,26,75,2.0,23.0,12.0,18.0,Sadness,0.0,0.0,0.0,0.0,0.0,1.0,0.0,0.0,1.0,0.0
479,379,33,65,1.0,13.0,7.0,14.0,Anxiety,1.0,0.0,0.0,0.0,0.0,0.0,0.0,0.0,0.0,1.0
480,380,27,90,4.0,37.0,18.0,20.0,Neutral,0.0,0.0,0.0,0.0,0.0,0.0,1.0,1.0,0.0,0.0
481,381,31,50,2.0,20.0,10.0,12.0,Sadness,0.0,0.0,0.0,0.0,1.0,0.0,0.0,0.0,1.0,0.0
482,382,24,85,3.0,33.0,20.0,18.0,Happiness,0.0,0.0,0.0,1.0,0.0,0.0,0.0,0.0,0.0,1.0
483,383,34,120,5.0,60.0,25.0,25.0,Anger,0.0,1.0,0.0,0.0,0.0,0.0,0.0,1.0,0.0,0.0
484,384,22,70,1.0,22.0,7.0,22.0,Neutral,0.0,0.0,0.0,0.0,0.0,1.0,0.0,0.0,1.0,0.0
485,385,29,75,2.0,20.0,8.0,20.0,Boredom,1.0,0.0,0.0,0.0,0.0,0.0,0.0,0.0,0.0,1.0
486,386,28,100,4.0,37.0,14.0,26.0,Anxiety,0.0,0.0,0.0,0.0,0.0,0.0,1.0,1.0,0.0,0.0
487,387,31,85,3.0,45.0,20.0,28.0,Sadness,0.0,0.0,0.0,0.0,1.0,0.0,0.0,0.0,1.0,0.0
488,388,21,60,1.0,18.0,7.0,12.0,Neutral,0.0,0.0,0.0,1.0,0.0,0.0,0.0,0.0,0.0,1.0
489,389,25,170,6.0,83.0,30.0,33.0,Happiness,0.0,1.0,0.0,0.0,0.0,0.0,0.0,1.0,0.0,0.0
490,390,30,70,2.0,30.0,12.0,20.0,Anxiety,0.0,0.0,0.0,0.0,0.0,1.0,0.0,0.0,1.0,0.0
491,391,27,50,1.0,10.0,4.0,10.0,Boredom,1.0,0.0,0.0,0.0,0.0,0.0,0.0,0.0,0.0,1.0
492,392,32,105,4.0,55.0,25.0,25.0,Anger,0.0,0.0,0.0,0.0,0.0,0.0,1.0,1.0,0.0,0.0
493,393,24,75,3.0,37.0,16.0,22.0,Neutral,0.0,0.0,0.0,0.0,1.0,0.0,0.0,0.0,1.0,0.0
494,394,29,95,2.0,23.0,10.0,28.0,Sadness,0.0,0.0,0.0,1.0,0.0,0.0,0.0,1.0,0.0,0.0
495,395,26,150,5.0,70.0,25.0,30.0,Anxiety,0.0,1.0,0.0,0.0,0.0,0.0,0.0,0.0,1.0,0.0
496,396,33,85,4.0,35.0,18.0,18.0,Boredom,0.0,0.0,0.0,0.0,0.0,1.0,0.0,0.0,0.0,1.0
497,397,22,70,1.0,14.0,6.0,10.0,Neutral,1.0,0.0,0.0,0.0,0.0,0.0,0.0,1.0,0.0,0.0
498,398,35,110,3.0,50.0,25.0,25.0,Happiness,0.0,0.0,0.0,0.0,0.0,0.0,1.0,0.0,1.0,0.0
499,399,28,60,2.0,18.0,8.0,18.0,Anger,0.0,0.0,0.0,0.0,1.0,0.0,0.0,0.0,0.0,1.0
500,400,27,120,4.0,40.0,18.0,22.0,Neutral,0.0,0.0,0.0,1.0,0.0,0.0,0.0,1.0,0.0,0.0
501,401,25,120,5.0,50.0,20.0,25.0,Happiness,0.0,1.0,0.0,0.0,0.0,0.0,0.0,1.0,0.0,0.0
502,402,30,90,4.0,30.0,20.0,22.0,Anger,0.0,0.0,0.0,0.0,0.0,1.0,0.0,0.0,1.0,0.0
503,403,22,60,2.0,20.0,10.0,15.0,Neutral,1.0,0.0,0.0,0.0,0.0,0.0,0.0,0.0,0.0,1.0
504,404,28,200,8.0,110.0,40.0,45.0,Anxiety,0.0,1.0,0.0,0.0,0.0,0.0,0.0,1.0,0.0,0.0
505,405,33,45,1.0,10.0,5.0,12.0,Boredom,0.0,0.0,1.0,0.0,0.0,0.0,0.0,0.0,1.0,0.0
506,406,21,150,5.0,65.0,25.0,30.0,Happiness,0.0,1.0,0.0,0.0,0.0,0.0,0.0,0.0,1.0,0.0
507,407,27,85,3.0,40.0,18.0,20.0,Anger,0.0,0.0,0.0,0.0,0.0,1.0,0.0,1.0,0.0,0.0
508,408,24,110,6.0,35.0,16.0,25.0,Sadness,1.0,0.0,0.0,0.0,0.0,0.0,0.0,0.0,0.0,1.0
509,409,29,55,2.0,15.0,5.0,10.0,Neutral,0.0,0.0,1.0,0.0,0.0,0.0,0.0,1.0,0.0,0.0
510,410,31,170,7.0,90.0,35.0,40.0,Happiness,0.0,1.0,0.0,0.0,0.0,0.0,0.0,0.0,1.0,0.0
511,411,23,75,4.0,45.0,20.0,25.0,Anxiety,0.0,0.0,0.0,0.0,0.0,1.0,0.0,1.0,0.0,0.0
512,412,26,95,3.0,30.0,14.0,18.0,Sadness,1.0,0.0,0.0,0.0,0.0,0.0,0.0,0.0,0.0,1.0
513,413,34,65,1.0,14.0,6.0,15.0,Boredom,0.0,0.0,1.0,0.0,0.0,0.0,0.0,0.0,1.0,0.0
514,414,22,180,8.0,100.0,38.0,45.0,Happiness,0.0,1.0,0.0,0.0,0.0,0.0,0.0,1.0,0.0,0.0
515,415,28,100,6.0,50.0,30.0,29.0,Anger,0.0,0.0,0.0,0.0,0.0,1.0,0.0,0.0,1.0,0.0
516,416,21,40,1.0,10.0,4.0,12.0,Neutral,1.0,0.0,0.0,0.0,0.0,0.0,0.0,0.0,0.0,1.0
517,417,35,125,5.0,65.0,22.0,28.0,Anxiety,0.0,1.0,0.0,0.0,0.0,0.0,0.0,1.0,0.0,0.0
518,418,27,90,3.0,40.0,16.0,24.0,Sadness,0.0,0.0,0.0,0.0,0.0,1.0,0.0,0.0,1.0,0.0
519,419,23,50,1.0,12.0,6.0,12.0,Neutral,0.0,0.0,1.0,0.0,0.0,0.0,0.0,0.0,0.0,1.0
520,420,32,140,6.0,75.0,28.0,30.0,Happiness,0.0,1.0,0.0,0.0,0.0,0.0,0.0,1.0,0.0,0.0
521,421,26,75,2.0,30.0,14.0,20.0,Anxiety,1.0,0.0,0.0,0.0,0.0,0.0,0.0,0.0,1.0,0.0
522,422,24,105,4.0,35.0,20.0,23.0,Anger,0.0,0.0,0.0,0.0,0.0,1.0,0.0,1.0,0.0,0.0
523,423,29,60,2.0,17.0,8.0,15.0,Boredom,0.0,0.0,1.0,0.0,0.0,0.0,0.0,0.0,1.0,0.0
524,424,33,190,8.0,105.0,36.0,50.0,Happiness,0.0,1.0,0.0,0.0,0.0,0.0,0.0,0.0,0.0,1.0
525,425,22,70,3.0,25.0,16.0,15.0,Sadness,0.0,0.0,0.0,0.0,0.0,1.0,0.0,1.0,0.0,0.0
526,426,31,80,2.0,20.0,10.0,20.0,Neutral,1.0,0.0,0.0,0.0,0.0,0.0,0.0,0.0,1.0,0.0
527,427,27,55,1.0,12.0,5.0,11.0,Anxiety,0.0,0.0,1.0,0.0,0.0,0.0,0.0,0.0,0.0,1.0
528,428,25,160,6.0,85.0,26.0,30.0,Happiness,0.0,1.0,0.0,0.0,0.0,0.0,0.0,1.0,0.0,0.0
529,429,30,90,4.0,43.0,19.0,24.0,Anger,0.0,0.0,0.0,0.0,0.0,1.0,0.0,0.0,1.0,0.0
530,430,26,45,1.0,8.0,4.0,12.0,Sadness,1.0,0.0,0.0,0.0,0.0,0.0,0.0,0.0,0.0,1.0
531,431,34,65,2.0,17.0,5.0,14.0,Boredom,0.0,0.0,1.0,0.0,0.0,0.0,0.0,1.0,0.0,0.0
532,432,28,145,7.0,80.0,30.0,35.0,Happiness,0.0,1.0,0.0,0.0,0.0,0.0,0.0,0.0,1.0,0.0
533,433,23,70,3.0,30.0,14.0,18.0,Neutral,0.0,0.0,0.0,0.0,0.0,1.0,0.0,0.0,0.0,1.0
534,434,21,130,6.0,95.0,22.0,28.0,Sadness,0.0,1.0,0.0,0.0,0.0,0.0,0.0,1.0,0.0,0.0
535,435,29,65,2.0,27.0,11.0,22.0,Anxiety,1.0,0.0,0.0,0.0,0.0,0.0,0.0,0.0,1.0,0.0
536,436,24,55,1.0,11.0,6.0,11.0,Boredom,0.0,0.0,1.0,0.0,0.0,0.0,0.0,0.0,0.0,1.0
537,437,33,170,7.0,95.0,30.0,38.0,Happiness,0.0,1.0,0.0,0.0,0.0,0.0,0.0,1.0,0.0,0.0
538,438,27,85,4.0,45.0,18.0,24.0,Anger,0.0,0.0,0.0,0.0,0.0,1.0,0.0,0.0,1.0,0.0
539,439,22,115,3.0,60.0,17.0,30.0,Neutral,0.0,1.0,0.0,0.0,0.0,0.0,0.0,1.0,0.0,0.0
540,440,28,100,2.0,22.0,12.0,25.0,Anxiety,1.0,0.0,0.0,0.0,0.0,0.0,0.0,0.0,0.0,1.0
541,441,31,45,1.0,9.0,4.0,10.0,Sadness,0.0,0.0,1.0,0.0,0.0,0.0,0.0,0.0,1.0,0.0
542,442,25,150,6.0,90.0,26.0,30.0,Happiness,0.0,1.0,0.0,0.0,0.0,0.0,0.0,1.0,0.0,0.0
543,443,29,95,4.0,50.0,22.0,22.0,Anger,0.0,0.0,0.0,0.0,0.0,1.0,0.0,0.0,1.0,0.0
544,444,23,105,2.0,25.0,12.0,18.0,Neutral,1.0,0.0,0.0,0.0,0.0,0.0,0.0,0.0,0.0,1.0
545,445,35,60,1.0,15.0,7.0,14.0,Boredom,0.0,0.0,1.0,0.0,0.0,0.0,0.0,1.0,0.0,0.0
546,446,30,175,7.0,100.0,33.0,38.0,Happiness,0.0,1.0,0.0,0.0,0.0,0.0,0.0,0.0,1.0,0.0
547,447,21,90,3.0,37.0,14.0,20.0,Sadness,0.0,0.0,0.0,0.0,0.0,1.0,0.0,1.0,0.0,0.0
548,448,26,75,2.0,30.0,12.0,18.0,Anxiety,1.0,0.0,0.0,0.0,0.0,0.0,0.0,0.0,0.0,1.0
549,449,32,130,5.0,80.0,28.0,31.0,Neutral,0.0,1.0,0.0,0.0,0.0,0.0,0.0,0.0,1.0,0.0
550,450,28,55,1.0,12.0,6.0,10.0,Boredom,0.0,0.0,1.0,0.0,0.0,0.0,0.0,1.0,0.0,0.0
551,451,27,165,6.0,85.0,30.0,28.0,Happiness,0.0,1.0,0.0,0.0,0.0,0.0,0.0,0.0,1.0,0.0
552,452,24,75,3.0,33.0,18.0,19.0,Anger,0.0,0.0,0.0,0.0,0.0,1.0,0.0,1.0,0.0,0.0
553,453,29,85,2.0,27.0,9.0,20.0,Neutral,1.0,0.0,0.0,0.0,0.0,0.0,0.0,0.0,0.0,1.0
554,454,33,145,4.0,65.0,23.0,35.0,Sadness,0.0,1.0,0.0,0.0,0.0,0.0,0.0,1.0,0.0,0.0
555,455,31,60,1.0,15.0,7.0,17.0,Anxiety,0.0,0.0,1.0,0.0,0.0,0.0,0.0,0.0,1.0,0.0
556,456,22,70,2.0,42.0,10.0,21.0,Anxiety,0.0,0.0,0.0,0.0,0.0,0.0,1.0,1.0,0.0,0.0
557,457,25,90,3.0,22.0,11.0,22.0,Boredom,0.0,0.0,0.0,0.0,1.0,0.0,0.0,0.0,1.0,0.0
558,458,29,50,2.0,18.0,7.0,18.0,Sadness,0.0,0.0,0.0,1.0,0.0,0.0,0.0,0.0,0.0,1.0
559,459,28,95,4.0,48.0,22.0,25.0,Happiness,0.0,0.0,0.0,0.0,0.0,1.0,0.0,1.0,0.0,0.0
560,460,27,60,1.0,12.0,5.0,15.0,Boredom,1.0,0.0,0.0,0.0,0.0,0.0,0.0,0.0,1.0,0.0
561,461,30,175,6.0,72.0,30.0,33.0,Happiness,0.0,1.0,0.0,0.0,0.0,0.0,0.0,1.0,0.0,0.0
562,462,23,70,3.0,22.0,10.0,18.0,Anger,0.0,0.0,0.0,0.0,0.0,0.0,1.0,0.0,1.0,0.0
563,463,34,80,2.0,21.0,8.0,20.0,Neutral,0.0,0.0,0.0,0.0,1.0,0.0,0.0,0.0,0.0,1.0
564,464,26,120,4.0,55.0,18.0,30.0,Anxiety,0.0,0.0,0.0,1.0,0.0,0.0,0.0,1.0,0.0,0.0
565,465,25,90,6.0,42.0,14.0,26.0,Sadness,0.0,0.0,0.0,0.0,0.0,1.0,0.0,0.0,1.0,0.0
566,466,29,60,1.0,12.0,4.0,12.0,Boredom,1.0,0.0,0.0,0.0,0.0,0.0,0.0,0.0,0.0,1.0
567,467,28,165,5.0,78.0,23.0,35.0,Happiness,0.0,1.0,0.0,0.0,0.0,0.0,0.0,0.0,1.0,0.0
568,468,31,65,2.0,27.0,10.0,20.0,Neutral,0.0,0.0,0.0,0.0,0.0,0.0,1.0,1.0,0.0,0.0
569,469,27,105,3.0,48.0,20.0,28.0,Anxiety,0.0,0.0,0.0,0.0,1.0,0.0,0.0,0.0,1.0,0.0
570,470,22,75,2.0,21.0,8.0,20.0,Sadness,0.0,0.0,0.0,1.0,0.0,0.0,0.0,0.0,0.0,1.0
571,471,24,140,4.0,65.0,22.0,30.0,Happiness,0.0,1.0,0.0,0.0,0.0,0.0,0.0,1.0,0.0,0.0
572,472,35,70,1.0,13.0,8.0,10.0,Boredom,0.0,0.0,0.0,0.0,0.0,1.0,0.0,0.0,1.0,0.0
573,473,21,55,3.0,17.0,7.0,12.0,Neutral,1.0,0.0,0.0,0.0,0.0,0.0,0.0,0.0,0.0,1.0
574,474,29,90,2.0,24.0,12.0,22.0,Anger,0.0,0.0,0.0,0.0,0.0,0.0,1.0,1.0,0.0,0.0
575,475,25,80,4.0,30.0,13.0,25.0,Neutral,0.0,0.0,0.0,0.0,1.0,0.0,0.0,0.0,1.0,0.0
576,476,28,115,3.0,38.0,18.0,27.0,Anxiety,0.0,0.0,0.0,1.0,0.0,0.0,0.0,0.0,0.0,1.0
577,477,32,155,6.0,75.0,25.0,38.0,Happiness,0.0,1.0,0.0,0.0,0.0,0.0,0.0,1.0,0.0,0.0
578,478,26,75,2.0,23.0,12.0,18.0,Sadness,0.0,0.0,0.0,0.0,0.0,1.0,0.0,0.0,1.0,0.0
579,479,33,65,1.0,13.0,7.0,14.0,Anxiety,1.0,0.0,0.0,0.0,0.0,0.0,0.0,0.0,0.0,1.0
580,480,27,90,4.0,37.0,18.0,20.0,Neutral,0.0,0.0,0.0,0.0,0.0,0.0,1.0,1.0,0.0,0.0
581,481,31,50,2.0,20.0,10.0,12.0,Sadness,0.0,0.0,0.0,0.0,1.0,0.0,0.0,0.0,1.0,0.0
582,482,24,85,3.0,33.0,20.0,18.0,Happiness,0.0,0.0,0.0,1.0,0.0,0.0,0.0,0.0,0.0,1.0
583,483,34,120,5.0,60.0,25.0,25.0,Anger,0.0,1.0,0.0,0.0,0.0,0.0,0.0,1.0,0.0,0.0
584,484,22,70,1.0,22.0,7.0,22.0,Neutral,0.0,0.0,0.0,0.0,0.0,1.0,0.0,0.0,1.0,0.0
585,485,29,75,2.0,20.0,8.0,20.0,Boredom,1.0,0.0,0.0,0.0,0.0,0.0,0.0,0.0,0.0,1.0
586,486,28,100,4.0,37.0,14.0,26.0,Anxiety,0.0,0.0,0.0,0.0,0.0,0.0,1.0,1.0,0.0,0.0
587,487,31,85,3.0,45.0,20.0,28.0,Sadness,0.0,0.0,0.0,0.0,1.0,0.0,0.0,0.0,1.0,0.0
588,488,21,60,1.0,18.0,7.0,12.0,Neutral,0.0,0.0,0.0,1.0,0.0,0.0,0.0,0.0,0.0,1.0
589,489,25,170,6.0,83.0,30.0,33.0,Happiness,0.0,1.0,0.0,0.0,0.0,0.0,0.0,1.0,0.0,0.0
590,490,30,70,2.0,30.0,12.0,20.0,Anxiety,0.0,0.0,0.0,0.0,0.0,1.0,0.0,0.0,1.0,0.0
591,491,27,50,1.0,10.0,4.0,10.0,Boredom,1.0,0.0,0.0,0.0,0.0,0.0,0.0,0.0,0.0,1.0
592,492,32,105,4.0,55.0,25.0,25.0,Anger,0.0,0.0,0.0,0.0,0.0,0.0,1.0,1.0,0.0,0.0
593,493,24,75,3.0,37.0,16.0,22.0,Neutral,0.0,0.0,0.0,0.0,1.0,0.0,0.0,0.0,1.0,0.0
594,494,29,95,2.0,23.0,10.0,28.0,Sadness,0.0,0.0,0.0,1.0,0.0,0.0,0.0,1.0,0.0,0.0
595,495,26,150,5.0,70.0,25.0,30.0,Anxiety,0.0,1.0,0.0,0.0,0.0,0.0,0.0,0.0,1.0,0.0
596,496,33,85,4.0,35.0,18.0,18.0,Boredom,0.0,0.0,0.0,0.0,0.0,1.0,0.0,0.0,0.0,1.0
597,497,22,70,1.0,14.0,6.0,10.0,Neutral,1.0,0.0,0.0,0.0,0.0,0.0,0.0,1.0,0.0,0.0
598,498,35,110,3.0,50.0,25.0,25.0,Happiness,0.0,0.0,0.0,0.0,0.0,0.0,1.0,0.0,1.0,0.0
599,499,28,60,2.0,18.0,8.0,18.0,Anger,0.0,0.0,0.0,0.0,1.0,0.0,0.0,0.0,0.0,1.0
600,500,27,120,4.0,40.0,18.0,22.0,Neutral,0.0,0.0,0.0,1.0,0.0,0.0,0.0,1.0,0.0,0.0
601,501,25,120,5.0,50.0,20.0,25.0,Happiness,0.0,1.0,0.0,0.0,0.0,0.0,0.0,1.0,0.0,0.0
602,502,30,90,4.0,30.0,20.0,22.0,Anger,0.0,0.0,0.0,0.0,0.0,1.0,0.0,0.0,1.0,0.0
603,503,22,60,2.0,20.0,10.0,15.0,Neutral,1.0,0.0,0.0,0.0,0.0,0.0,0.0,0.0,0.0,1.0
604,504,28,200,8.0,110.0,40.0,45.0,Anxiety,0.0,1.0,0.0,0.0,0.0,0.0,0.0,1.0,0.0,0.0
605,505,33,45,1.0,10.0,5.0,12.0,Boredom,0.0,0.0,1.0,0.0,0.0,0.0,0.0,0.0,1.0,0.0
606,506,21,150,5.0,65.0,25.0,30.0,Happiness,0.0,1.0,0.0,0.0,0.0,0.0,0.0,0.0,1.0,0.0
607,507,27,85,3.0,40.0,18.0,20.0,Anger,0.0,0.0,0.0,0.0,0.0,1.0,0.0,1.0,0.0,0.0
608,508,24,110,6.0,35.0,16.0,25.0,Sadness,1.0,0.0,0.0,0.0,0.0,0.0,0.0,0.0,0.0,1.0
609,509,29,55,2.0,15.0,5.0,10.0,Neutral,0.0,0.0,1.0,0.0,0.0,0.0,0.0,1.0,0.0,0.0
610,510,31,170,7.0,90.0,35.0,40.0,Happiness,0.0,1.0,0.0,0.0,0.0,0.0,0.0,0.0,1.0,0.0
611,511,23,75,4.0,45.0,20.0,25.0,Anxiety,0.0,0.0,0.0,0.0,0.0,1.0,0.0,1.0,0.0,0.0
612,512,26,95,3.0,30.0,14.0,18.0,Sadness,1.0,0.0,0.0,0.0,0.0,0.0,0.0,0.0,0.0,1.0
613,513,34,65,1.0,14.0,6.0,15.0,Boredom,0.0,0.0,1.0,0.0,0.0,0.0,0.0,0.0,1.0,0.0
614,514,22,180,8.0,100.0,38.0,45.0,Happiness,0.0,1.0,0.0,0.0,0.0,0.0,0.0,1.0,0.0,0.0
615,515,28,100,6.0,50.0,30.0,29.0,Anger,0.0,0.0,0.0,0.0,0.0,1.0,0.0,0.0,1.0,0.0
616,516,21,40,1.0,10.0,4.0,12.0,Neutral,1.0,0.0,0.0,0.0,0.0,0.0,0.0,0.0,0.0,1.0
617,517,35,125,5.0,65.0,22.0,28.0,Anxiety,0.0,1.0,0.0,0.0,0.0,0.0,0.0,1.0,0.0,0.0
618,518,27,90,3.0,40.0,16.0,24.0,Sadness,0.0,0.0,0.0,0.0,0.0,1.0,0.0,0.0,1.0,0.0
619,519,23,50,1.0,12.0,6.0,12.0,Neutral,0.0,0.0,1.0,0.0,0.0,0.0,0.0,0.0,0.0,1.0
620,520,32,140,6.0,75.0,28.0,30.0,Happiness,0.0,1.0,0.0,0.0,0.0,0.0,0.0,1.0,0.0,0.0
621,521,26,75,2.0,30.0,14.0,20.0,Anxiety,1.0,0.0,0.0,0.0,0.0,0.0,0.0,0.0,1.0,0.0
622,522,24,105,4.0,35.0,20.0,23.0,Anger,0.0,0.0,0.0,0.0,0.0,1.0,0.0,1.0,0.0,0.0
623,523,29,60,2.0,17.0,8.0,15.0,Boredom,0.0,0.0,1.0,0.0,0.0,0.0,0.0,0.0,1.0,0.0
624,524,33,190,8.0,105.0,36.0,50.0,Happiness,0.0,1.0,0.0,0.0,0.0,0.0,0.0,0.0,0.0,1.0
625,525,22,70,3.0,25.0,16.0,15.0,Sadness,0.0,0.0,0.0,0.0,0.0,1.0,0.0,1.0,0.0,0.0
626,526,31,80,2.0,20.0,10.0,20.0,Neutral,1.0,0.0,0.0,0.0,0.0,0.0,0.0,0.0,1.0,0.0
627,527,27,55,1.0,12.0,5.0,11.0,Anxiety,0.0,0.0,1.0,0.0,0.0,0.0,0.0,0.0,0.0,1.0
628,528,25,160,6.0,85.0,26.0,30.0,Happiness,0.0,1.0,0.0,0.0,0.0,0.0,0.0,1.0,0.0,0.0
629,529,30,90,4.0,43.0,19.0,24.0,Anger,0.0,0.0,0.0,0.0,0.0,1.0,0.0,0.0,1.0,0.0
630,530,26,45,1.0,8.0,4.0,12.0,Sadness,1.0,0.0,0.0,0.0,0.0,0.0,0.0,0.0,0.0,1.0
631,531,34,65,2.0,17.0,5.0,14.0,Boredom,0.0,0.0,1.0,0.0,0.0,0.0,0.0,1.0,0.0,0.0
632,532,28,145,7.0,80.0,30.0,35.0,Happiness,0.0,1.0,0.0,0.0,0.0,0.0,0.0,0.0,1.0,0.0
633,533,23,70,3.0,30.0,14.0,18.0,Neutral,0.0,0.0,0.0,0.0,0.0,1.0,0.0,0.0,0.0,1.0
634,534,21,130,6.0,95.0,22.0,28.0,Sadness,0.0,1.0,0.0,0.0,0.0,0.0,0.0,1.0,0.0,0.0
635,535,29,65,2.0,27.0,11.0,22.0,Anxiety,1.0,0.0,0.0,0.0,0.0,0.0,0.0,0.0,1.0,0.0
636,536,24,55,1.0,11.0,6.0,11.0,Boredom,0.0,0.0,1.0,0.0,0.0,0.0,0.0,0.0,0.0,1.0
637,537,33,170,7.0,95.0,30.0,38.0,Happiness,0.0,1.0,0.0,0.0,0.0,0.0,0.0,1.0,0.0,0.0
638,538,27,85,4.0,45.0,18.0,24.0,Anger,0.0,0.0,0.0,0.0,0.0,1.0,0.0,0.0,1.0,0.0
639,539,22,115,3.0,60.0,17.0,30.0,Neutral,0.0,1.0,0.0,0.0,0.0,0.0,0.0,1.0,0.0,0.0
640,540,28,100,2.0,22.0,12.0,25.0,Anxiety,1.0,0.0,0.0,0.0,0.0,0.0,0.0,0.0,0.0,1.0
641,541,31,45,1.0,9.0,4.0,10.0,Sadness,0.0,0.0,1.0,0.0,0.0,0.0,0.0,0.0,1.0,0.0
642,542,25,150,6.0,90.0,26.0,30.0,Happiness,0.0,1.0,0.0,0.0,0.0,0.0,0.0,1.0,0.0,0.0
643,543,29,95,4.0,50.0,22.0,22.0,Anger,0.0,0.0,0.0,0.0,0.0,1.0,0.0,0.0,1.0,0.0
644,544,23,105,2.0,25.0,12.0,18.0,Neutral,1.0,0.0,0.0,0.0,0.0,0.0,0.0,0.0,0.0,1.0
645,545,35,60,1.0,15.0,7.0,14.0,Boredom,0.0,0.0,1.0,0.0,0.0,0.0,0.0,1.0,0.0,0.0
646,546,30,175,7.0,100.0,33.0,38.0,Happiness,0.0,1.0,0.0,0.0,0.0,0.0,0.0,0.0,1.0,0.0
647,547,21,90,3.0,37.0,14.0,20.0,Sadness,0.0,0.0,0.0,0.0,0.0,1.0,0.0,1.0,0.0,0.0
648,548,26,75,2.0,30.0,12.0,18.0,Anxiety,1.0,0.0,0.0,0.0,0.0,0.0,0.0,0.0,0.0,1.0
649,549,32,130,5.0,80.0,28.0,31.0,Neutral,0.0,1.0,0.0,0.0,0.0,0.0,0.0,0.0,1.0,0.0
650,550,28,55,1.0,12.0,6.0,10.0,Boredom,0.0,0.0,1.0,0.0,0.0,0.0,0.0,1.0,0.0,0.0
651,551,27,165,6.0,85.0,30.0,28.0,Happiness,0.0,1.0,0.0,0.0,0.0,0.0,0.0,0.0,1.0,0.0
652,552,24,75,3.0,33.0,18.0,19.0,Anger,0.0,0.0,0.0,0.0,0.0,1.0,0.0,1.0,0.0,0.0
653,553,29,85,2.0,27.0,9.0,20.0,Neutral,1.0,0.0,0.0,0.0,0.0,0.0,0.0,0.0,0.0,1.0
654,554,33,145,4.0,65.0,23.0,35.0,Sadness,0.0,1.0,0.0,0.0,0.0,0.0,0.0,1.0,0.0,0.0
655,555,31,60,1.0,15.0,7.0,17.0,Anxiety,0.0,0.0,1.0,0.0,0.0,0.0,0.0,0.0,1.0,0.0
656,556,22,70,2.0,42.0,10.0,21.0,Anxiety,0.0,0.0,0.0,0.0,0.0,0.0,1.0,1.0,0.0,0.0
657,557,25,90,3.0,22.0,11.0,22.0,Boredom,0.0,0.0,0.0,0.0,1.0,0.0,0.0,0.0,1.0,0.0
658,558,29,50,2.0,18.0,7.0,18.0,Sadness,0.0,0.0,0.0,1.0,0.0,0.0,0.0,0.0,0.0,1.0
659,559,28,95,4.0,48.0,22.0,25.0,Happiness,0.0,0.0,0.0,0.0,0.0,1.0,0.0,1.0,0.0,0.0
660,560,27,60,1.0,12.0,5.0,15.0,Boredom,1.0,0.0,0.0,0.0,0.0,0.0,0.0,0.0,1.0,0.0
661,561,30,175,6.0,72.0,30.0,33.0,Happiness,0.0,1.0,0.0,0.0,0.0,0.0,0.0,1.0,0.0,0.0
662,562,23,70,3.0,22.0,10.0,18.0,Anger,0.0,0.0,0.0,0.0,0.0,0.0,1.0,0.0,1.0,0.0
663,563,34,80,2.0,21.0,8.0,20.0,Neutral,0.0,0.0,0.0,0.0,1.0,0.0,0.0,0.0,0.0,1.0
664,564,26,120,4.0,55.0,18.0,30.0,Anxiety,0.0,0.0,0.0,1.0,0.0,0.0,0.0,1.0,0.0,0.0
665,565,25,90,6.0,42.0,14.0,26.0,Sadness,0.0,0.0,0.0,0.0,0.0,1.0,0.0,0.0,1.0,0.0
666,566,29,60,1.0,12.0,4.0,12.0,Boredom,1.0,0.0,0.0,0.0,0.0,0.0,0.0,0.0,0.0,1.0
667,567,28,165,5.0,78.0,23.0,35.0,Happiness,0.0,1.0,0.0,0.0,0.0,0.0,0.0,0.0,1.0,0.0
668,568,31,65,2.0,27.0,10.0,20.0,Neutral,0.0,0.0,0.0,0.0,0.0,0.0,1.0,1.0,0.0,0.0
669,569,27,105,3.0,48.0,20.0,28.0,Anxiety,0.0,0.0,0.0,0.0,1.0,0.0,0.0,0.0,1.0,0.0
670,570,22,75,2.0,21.0,8.0,20.0,Sadness,0.0,0.0,0.0,1.0,0.0,0.0,0.0,0.0,0.0,1.0
671,571,24,140,4.0,65.0,22.0,30.0,Happiness,0.0,1.0,0.0,0.0,0.0,0.0,0.0,1.0,0.0,0.0
672,572,35,70,1.0,13.0,8.0,10.0,Boredom,0.0,0.0,0.0,0.0,0.0,1.0,0.0,0.0,1.0,0.0
673,573,21,55,3.0,17.0,7.0,12.0,Neutral,1.0,0.0,0.0,0.0,0.0,0.0,0.0,0.0,0.0,1.0
674,574,29,90,2.0,24.0,12.0,22.0,Anger,0.0,0.0,0.0,0.0,0.0,0.0,1.0,1.0,0.0,0.0
675,575,25,80,4.0,30.0,13.0,25.0,Neutral,0.0,0.0,0.0,0.0,1.0,0.0,0.0,0.0,1.0,0.0
676,576,28,115,3.0,38.0,18.0,27.0,Anxiety,0.0,0.0,0.0,1.0,0.0,0.0,0.0,0.0,0.0,1.0
677,577,32,155,6.0,75.0,25.0,38.0,Happiness,0.0,1.0,0.0,0.0,0.0,0.0,0.0,1.0,0.0,0.0
678,578,26,75,2.0,23.0,12.0,18.0,Sadness,0.0,0.0,0.0,0.0,0.0,1.0,0.0,0.0,1.0,0.0
679,579,33,65,1.0,13.0,7.0,14.0,Anxiety,1.0,0.0,0.0,0.0,0.0,0.0,0.0,0.0,0.0,1.0
680,580,27,90,4.0,37.0,18.0,20.0,Neutral,0.0,0.0,0.0,0.0,0.0,0.0,1.0,1.0,0.0,0.0
681,581,31,50,2.0,20.0,10.0,12.0,Sadness,0.0,0.0,0.0,0.0,1.0,0.0,0.0,0.0,1.0,0.0
682,582,24,85,3.0,33.0,20.0,18.0,Happiness,0.0,0.0,0.0,1.0,0.0,0.0,0.0,0.0,0.0,1.0
683,583,34,120,5.0,60.0,25.0,25.0,Anger,0.0,1.0,0.0,0.0,0.0,0.0,0.0,1.0,0.0,0.0
684,584,22,70,1.0,22.0,7.0,22.0,Neutral,0.0,0.0,0.0,0.0,0.0,1.0,0.0,0.0,1.0,0.0
685,585,29,75,2.0,20.0,8.0,20.0,Boredom,1.0,0.0,0.0,0.0,0.0,0.0,0.0,0.0,0.0,1.0
686,586,28,100,4.0,37.0,14.0,26.0,Anxiety,0.0,0.0,0.0,0.0,0.0,0.0,1.0,1.0,0.0,0.0
687,587,31,85,3.0,45.0,20.0,28.0,Sadness,0.0,0.0,0.0,0.0,1.0,0.0,0.0,0.0,1.0,0.0
688,588,21,60,1.0,18.0,7.0,12.0,Neutral,0.0,0.0,0.0,1.0,0.0,0.0,0.0,0.0,0.0,1.0
689,589,25,170,6.0,83.0,30.0,33.0,Happiness,0.0,1.0,0.0,0.0,0.0,0.0,0.0,1.0,0.0,0.0
690,590,30,70,2.0,30.0,12.0,20.0,Anxiety,0.0,0.0,0.0,0.0,0.0,1.0,0.0,0.0,1.0,0.0
691,591,27,50,1.0,10.0,4.0,10.0,Boredom,1.0,0.0,0.0,0.0,0.0,0.0,0.0,0.0,0.0,1.0
692,592,32,105,4.0,55.0,25.0,25.0,Anger,0.0,0.0,0.0,0.0,0.0,0.0,1.0,1.0,0.0,0.0
693,593,24,75,3.0,37.0,16.0,22.0,Neutral,0.0,0.0,0.0,0.0,1.0,0.0,0.0,0.0,1.0,0.0
694,594,29,95,2.0,23.0,10.0,28.0,Sadness,0.0,0.0,0.0,1.0,0.0,0.0,0.0,1.0,0.0,0.0
695,595,26,150,5.0,70.0,25.0,30.0,Anxiety,0.0,1.0,0.0,0.0,0.0,0.0,0.0,0.0,1.0,0.0
696,596,33,85,4.0,35.0,18.0,18.0,Boredom,0.0,0.0,0.0,0.0,0.0,1.0,0.0,0.0,0.0,1.0
697,597,22,70,1.0,14.0,6.0,10.0,Neutral,1.0,0.0,0.0,0.0,0.0,0.0,0.0,1.0,0.0,0.0
698,598,35,110,3.0,50.0,25.0,25.0,Happiness,0.0,0.0,0.0,0.0,0.0,0.0,1.0,0.0,1.0,0.0
699,599,28,60,2.0,18.0,8.0,18.0,Anger,0.0,0.0,0.0,0.0,1.0,0.0,0.0,0.0,0.0,1.0
700,600,27,120,4.0,40.0,18.0,22.0,Neutral,0.0,0.0,0.0,1.0,0.0,0.0,0.0,1.0,0.0,0.0
701,601,25,120,5.0,50.0,20.0,25.0,Happiness,0.0,1.0,0.0,0.0,0.0,0.0,0.0,1.0,0.0,0.0
702,602,30,90,4.0,30.0,20.0,22.0,Anger,0.0,0.0,0.0,0.0,0.0,1.0,0.0,0.0,1.0,0.0
703,603,22,60,2.0,20.0,10.0,15.0,Neutral,1.0,0.0,0.0,0.0,0.0,0.0,0.0,0.0,0.0,1.0
704,604,28,200,8.0,110.0,40.0,45.0,Anxiety,0.0,1.0,0.0,0.0,0.0,0.0,0.0,1.0,0.0,0.0
705,605,33,45,1.0,10.0,5.0,12.0,Boredom,0.0,0.0,1.0,0.0,0.0,0.0,0.0,0.0,1.0,0.0
706,606,21,150,5.0,65.0,25.0,30.0,Happiness,0.0,1.0,0.0,0.0,0.0,0.0,0.0,0.0,1.0,0.0
707,607,27,85,3.0,40.0,18.0,20.0,Anger,0.0,0.0,0.0,0.0,0.0,1.0,0.0,1.0,0.0,0.0
708,608,24,110,6.0,35.0,16.0,25.0,Sadness,1.0,0.0,0.0,0.0,0.0,0.0,0.0,0.0,0.0,1.0
709,609,29,55,2.0,15.0,5.0,10.0,Neutral,0.0,0.0,1.0,0.0,0.0,0.0,0.0,1.0,0.0,0.0
710,610,31,170,7.0,90.0,35.0,40.0,Happiness,0.0,1.0,0.0,0.0,0.0,0.0,0.0,0.0,1.0,0.0
711,611,23,75,4.0,45.0,20.0,25.0,Anxiety,0.0,0.0,0.0,0.0,0.0,1.0,0.0,1.0,0.0,0.0
712,612,26,95,3.0,30.0,14.0,18.0,Sadness,1.0,0.0,0.0,0.0,0.0,0.0,0.0,0.0,0.0,1.0
713,613,34,65,1.0,14.0,6.0,15.0,Boredom,0.0,0.0,1.0,0.0,0.0,0.0,0.0,0.0,1.0,0.0
714,614,22,180,8.0,100.0,38.0,45.0,Happiness,0.0,1.0,0.0,0.0,0.0,0.0,0.0,1.0,0.0,0.0
715,615,28,100,6.0,50.0,30.0,29.0,Anger,0.0,0.0,0.0,0.0,0.0,1.0,0.0,0.0,1.0,0.0
716,616,21,40,1.0,10.0,4.0,12.0,Neutral,1.0,0.0,0.0,0.0,0.0,0.0,0.0,0.0,0.0,1.0
717,617,35,125,5.0,65.0,22.0,28.0,Anxiety,0.0,1.0,0.0,0.0,0.0,0.0,0.0,1.0,0.0,0.0
718,618,27,90,3.0,40.0,16.0,24.0,Sadness,0.0,0.0,0.0,0.0,0.0,1.0,0.0,0.0,1.0,0.0
719,619,23,50,1.0,12.0,6.0,12.0,Neutral,0.0,0.0,1.0,0.0,0.0,0.0,0.0,0.0,0.0,1.0
720,620,32,140,6.0,75.0,28.0,30.0,Happiness,0.0,1.0,0.0,0.0,0.0,0.0,0.0,1.0,0.0,0.0
721,621,26,75,2.0,30.0,14.0,20.0,Anxiety,1.0,0.0,0.0,0.0,0.0,0.0,0.0,0.0,1.0,0.0
722,622,24,105,4.0,35.0,20.0,23.0,Anger,0.0,0.0,0.0,0.0,0.0,1.0,0.0,1.0,0.0,0.0
723,623,29,60,2.0,17.0,8.0,15.0,Boredom,0.0,0.0,1.0,0.0,0.0,0.0,0.0,0.0,1.0,0.0
724,624,33,190,8.0,105.0,36.0,50.0,Happiness,0.0,1.0,0.0,0.0,0.0,0.0,0.0,0.0,0.0,1.0
725,625,22,70,3.0,25.0,16.0,15.0,Sadness,0.0,0.0,0.0,0.0,0.0,1.0,0.0,1.0,0.0,0.0
726,626,31,80,2.0,20.0,10.0,20.0,Neutral,1.0,0.0,0.0,0.0,0.0,0.0,0.0,0.0,1.0,0.0
727,627,27,55,1.0,12.0,5.0,11.0,Anxiety,0.0,0.0,1.0,0.0,0.0,0.0,0.0,0.0,0.0,1.0
728,628,25,160,6.0,85.0,26.0,30.0,Happiness,0.0,1.0,0.0,0.0,0.0,0.0,0.0,1.0,0.0,0.0
729,629,30,90,4.0,43.0,19.0,24.0,Anger,0.0,0.0,0.0,0.0,0.0,1.0,0.0,0.0,1.0,0.0
730,630,26,45,1.0,8.0,4.0,12.0,Sadness,1.0,0.0,0.0,0.0,0.0,0.0,0.0,0.0,0.0,1.0
731,631,34,65,2.0,17.0,5.0,14.0,Boredom,0.0,0.0,1.0,0.0,0.0,0.0,0.0,1.0,0.0,0.0
732,632,28,145,7.0,80.0,30.0,35.0,Happiness,0.0,1.0,0.0,0.0,0.0,0.0,0.0,0.0,1.0,0.0
733,633,23,70,3.0,30.0,14.0,18.0,Neutral,0.0,0.0,0.0,0.0,0.0,1.0,0.0,0.0,0.0,1.0
734,634,21,130,6.0,95.0,22.0,28.0,Sadness,0.0,1.0,0.0,0.0,0.0,0.0,0.0,1.0,0.0,0.0
735,635,29,65,2.0,27.0,11.0,22.0,Anxiety,1.0,0.0,0.0,0.0,0.0,0.0,0.0,0.0,1.0,0.0
736,636,24,55,1.0,11.0,6.0,11.0,Boredom,0.0,0.0,1.0,0.0,0.0,0.0,0.0,0.0,0.0,1.0
737,637,33,170,7.0,95.0,30.0,38.0,Happiness,0.0,1.0,0.0,0.0,0.0,0.0,0.0,1.0,0.0,0.0
738,638,27,85,4.0,45.0,18.0,24.0,Anger,0.0,0.0,0.0,0.0,0.0,1.0,0.0,0.0,1.0,0.0
739,639,22,115,3.0,60.0,17.0,30.0,Neutral,0.0,1.0,0.0,0.0,0.0,0.0,0.0,1.0,0.0,0.0
740,640,28,100,2.0,22.0,12.0,25.0,Anxiety,1.0,0.0,0.0,0.0,0.0,0.0,0.0,0.0,0.0,1.0
741,641,31,45,1.0,9.0,4.0,10.0,Sadness,0.0,0.0,1.0,0.0,0.0,0.0,0.0,0.0,1.0,0.0
742,642,25,150,6.0,90.0,26.0,30.0,Happiness,0.0,1.0,0.0,0.0,0.0,0.0,0.0,1.0,0.0,0.0
743,643,29,95,4.0,50.0,22.0,22.0,Anger,0.0,0.0,0.0,0.0,0.0,1.0,0.0,0.0,1.0,0.0
744,644,23,105,2.0,25.0,12.0,18.0,Neutral,1.0,0.0,0.0,0.0,0.0,0.0,0.0,0.0,0.0,1.0
745,645,35,60,1.0,15.0,7.0,14.0,Boredom,0.0,0.0,1.0,0.0,0.0,0.0,0.0,1.0,0.0,0.0
746,646,30,175,7.0,100.0,33.0,38.0,Happiness,0.0,1.0,0.0,0.0,0.0,0.0,0.0,0.0,1.0,0.0
747,647,21,90,3.0,37.0,14.0,20.0,Sadness,0.0,0.0,0.0,0.0,0.0,1.0,0.0,1.0,0.0,0.0
748,648,26,75,2.0,30.0,12.0,18.0,Anxiety,1.0,0.0,0.0,0.0,0.0,0.0,0.0,0.0,0.0,1.0
749,649,32,130,5.0,80.0,28.0,31.0,Neutral,0.0,1.0,0.0,0.0,0.0,0.0,0.0,0.0,1.0,0.0
750,650,28,55,1.0,12.0,6.0,10.0,Boredom,0.0,0.0,1.0,0.0,0.0,0.0,0.0,1.0,0.0,0.0
751,651,27,165,6.0,85.0,30.0,28.0,Happiness,0.0,1.0,0.0,0.0,0.0,0.0,0.0,0.0,1.0,0.0
752,652,24,75,3.0,33.0,18.0,19.0,Anger,0.0,0.0,0.0,0.0,0.0,1.0,0.0,1.0,0.0,0.0
753,653,29,85,2.0,27.0,9.0,20.0,Neutral,1.0,0.0,0.0,0.0,0.0,0.0,0.0,0.0,0.0,1.0
754,654,33,145,4.0,65.0,23.0,35.0,Sadness,0.0,1.0,0.0,0.0,0.0,0.0,0.0,1.0,0.0,0.0
755,655,31,60,1.0,15.0,7.0,17.0,Anxiety,0.0,0.0,1.0,0.0,0.0,0.0,0.0,0.0,1.0,0.0
756,656,22,70,2.0,42.0,10.0,21.0,Anxiety,0.0,0.0,0.0,0.0,0.0,0.0,1.0,1.0,0.0,0.0
757,657,25,90,3.0,22.0,11.0,22.0,Boredom,0.0,0.0,0.0,0.0,1.0,0.0,0.0,0.0,1.0,0.0
758,658,29,50,2.0,18.0,7.0,18.0,Sadness,0.0,0.0,0.0,1.0,0.0,0.0,0.0,0.0,0.0,1.0
759,659,28,95,4.0,48.0,22.0,25.0,Happiness,0.0,0.0,0.0,0.0,0.0,1.0,0.0,1.0,0.0,0.0
760,660,27,60,1.0,12.0,5.0,15.0,Boredom,1.0,0.0,0.0,0.0,0.0,0.0,0.0,0.0,1.0,0.0
761,661,30,175,6.0,72.0,30.0,33.0,Happiness,0.0,1.0,0.0,0.0,0.0,0.0,0.0,1.0,0.0,0.0
762,662,23,70,3.0,22.0,10.0,18.0,Anger,0.0,0.0,0.0,0.0,0.0,0.0,1.0,0.0,1.0,0.0
763,663,34,80,2.0,21.0,8.0,20.0,Neutral,0.0,0.0,0.0,0.0,1.0,0.0,0.0,0.0,0.0,1.0
764,664,26,120,4.0,55.0,18.0,30.0,Anxiety,0.0,0.0,0.0,1.0,0.0,0.0,0.0,1.0,0.0,0.0
765,665,25,90,6.0,42.0,14.0,26.0,Sadness,0.0,0.0,0.0,0.0,0.0,1.0,0.0,0.0,1.0,0.0
766,666,29,60,1.0,12.0,4.0,12.0,Boredom,1.0,0.0,0.0,0.0,0.0,0.0,0.0,0.0,0.0,1.0
767,667,28,165,5.0,78.0,23.0,35.0,Happiness,0.0,1.0,0.0,0.0,0.0,0.0,0.0,0.0,1.0,0.0
768,668,31,65,2.0,27.0,10.0,20.0,Neutral,0.0,0.0,0.0,0.0,0.0,0.0,1.0,1.0,0.0,0.0
769,669,27,105,3.0,48.0,20.0,28.0,Anxiety,0.0,0.0,0.0,0.0,1.0,0.0,0.0,0.0,1.0,0.0
770,670,22,75,2.0,21.0,8.0,20.0,Sadness,0.0,0.0,0.0,1.0,0.0,0.0,0.0,0.0,0.0,1.0
771,671,24,140,4.0,65.0,22.0,30.0,Happiness,0.0,1.0,0.0,0.0,0.0,0.0,0.0,1.0,0.0,0.0
772,672,35,70,1.0,13.0,8.0,10.0,Boredom,0.0,0.0,0.0,0.0,0.0,1.0,0.0,0.0,1.0,0.0
773,673,21,55,3.0,17.0,7.0,12.0,Neutral,1.0,0.0,0.0,0.0,0.0,0.0,0.0,0.0,0.0,1.0
774,674,29,90,2.0,24.0,12.0,22.0,Anger,0.0,0.0,0.0,0.0,0.0,0.0,1.0,1.0,0.0,0.0
775,675,25,80,4.0,30.0,13.0,25.0,Neutral,0.0,0.0,0.0,0.0,1.0,0.0,0.0,0.0,1.0,0.0
776,676,28,115,3.0,38.0,18.0,27.0,Anxiety,0.0,0.0,0.0,1.0,0.0,0.0,0.0,0.0,0.0,1.0
777,677,32,155,6.0,75.0,25.0,38.0,Happiness,0.0,1.0,0.0,0.0,0.0,0.0,0.0,1.0,0.0,0.0
778,678,26,75,2.0,23.0,12.0,18.0,Sadness,0.0,0.0,0.0,0.0,0.0,1.0,0.0,0.0,1.0,0.0
779,679,33,65,1.0,13.0,7.0,14.0,Anxiety,1.0,0.0,0.0,0.0,0.0,0.0,0.0,0.0,0.0,1.0
780,680,27,90,4.0,37.0,18.0,20.0,Neutral,0.0,0.0,0.0,0.0,0.0,0.0,1.0,1.0,0.0,0.0
781,681,31,50,2.0,20.0,10.0,12.0,Sadness,0.0,0.0,0.0,0.0,1.0,0.0,0.0,0.0,1.0,0.0
782,682,24,85,3.0,33.0,20.0,18.0,Happiness,0.0,0.0,0.0,1.0,0.0,0.0,0.0,0.0,0.0,1.0
783,683,34,120,5.0,60.0,25.0,25.0,Anger,0.0,1.0,0.0,0.0,0.0,0.0,0.0,1.0,0.0,0.0
784,684,22,70,1.0,22.0,7.0,22.0,Neutral,0.0,0.0,0.0,0.0,0.0,1.0,0.0,0.0,1.0,0.0
785,685,29,75,2.0,20.0,8.0,20.0,Boredom,1.0,0.0,0.0,0.0,0.0,0.0,0.0,0.0,0.0,1.0
786,686,28,100,4.0,37.0,14.0,26.0,Anxiety,0.0,0.0,0.0,0.0,0.0,0.0,1.0,1.0,0.0,0.0
787,687,31,85,3.0,45.0,20.0,28.0,Sadness,0.0,0.0,0.0,0.0,1.0,0.0,0.0,0.0,1.0,0.0
788,688,21,60,1.0,18.0,7.0,12.0,Neutral,0.0,0.0,0.0,1.0,0.0,0.0,0.0,0.0,0.0,1.0
789,689,25,170,6.0,83.0,30.0,33.0,Happiness,0.0,1.0,0.0,0.0,0.0,0.0,0.0,1.0,0.0,0.0
790,690,30,70,2.0,30.0,12.0,20.0,Anxiety,0.0,0.0,0.0,0.0,0.0,1.0,0.0,0.0,1.0,0.0
791,691,27,50,1.0,10.0,4.0,10.0,Boredom,1.0,0.0,0.0,0.0,0.0,0.0,0.0,0.0,0.0,1.0
792,692,32,105,4.0,55.0,25.0,25.0,Anger,0.0,0.0,0.0,0.0,0.0,0.0,1.0,1.0,0.0,0.0
793,693,24,75,3.0,37.0,16.0,22.0,Neutral,0.0,0.0,0.0,0.0,1.0,0.0,0.0,0.0,1.0,0.0
794,694,29,95,2.0,23.0,10.0,28.0,Sadness,0.0,0.0,0.0,1.0,0.0,0.0,0.0,1.0,0.0,0.0
795,695,26,150,5.0,70.0,25.0,30.0,Anxiety,0.0,1.0,0.0,0.0,0.0,0.0,0.0,0.0,1.0,0.0
796,696,33,85,4.0,35.0,18.0,18.0,Boredom,0.0,0.0,0.0,0.0,0.0,1.0,0.0,0.0,0.0,1.0
797,697,22,70,1.0,14.0,6.0,10.0,Neutral,1.0,0.0,0.0,0.0,0.0,0.0,0.0,1.0,0.0,0.0
798,698,35,110,3.0,50.0,25.0,25.0,Happiness,0.0,0.0,0.0,0.0,0.0,0.0,1.0,0.0,1.0,0.0
799,699,28,60,2.0,18.0,8.0,18.0,Anger,0.0,0.0,0.0,0.0,1.0,0.0,0.0,0.0,0.0,1.0
800,700,27,120,4.0,40.0,18.0,22.0,Neutral,0.0,0.0,0.0,1.0,0.0,0.0,0.0,1.0,0.0,0.0
801,701,25,120,5.0,50.0,20.0,25.0,Happiness,0.0,1.0,0.0,0.0,0.0,0.0,0.0,1.0,0.0,0.0
802,702,30,90,4.0,30.0,20.0,22.0,Anger,0.0,0.0,0.0,0.0,0.0,1.0,0.0,0.0,1.0,0.0
803,703,22,60,2.0,20.0,10.0,15.0,Neutral,1.0,0.0,0.0,0.0,0.0,0.0,0.0,0.0,0.0,1.0
804,704,28,200,8.0,110.0,40.0,45.0,Anxiety,0.0,1.0,0.0,0.0,0.0,0.0,0.0,1.0,0.0,0.0
805,705,33,45,1.0,10.0,5.0,12.0,Boredom,0.0,0.0,1.0,0.0,0.0,0.0,0.0,0.0,1.0,0.0
806,706,21,150,5.0,65.0,25.0,30.0,Happiness,0.0,1.0,0.0,0.0,0.0,0.0,0.0,0.0,1.0,0.0
807,707,27,85,3.0,40.0,18.0,20.0,Anger,0.0,0.0,0.0,0.0,0.0,1.0,0.0,1.0,0.0,0.0
808,708,24,110,6.0,35.0,16.0,25.0,Sadness,1.0,0.0,0.0,0.0,0.0,0.0,0.0,0.0,0.0,1.0
809,709,29,55,2.0,15.0,5.0,10.0,Neutral,0.0,0.0,1.0,0.0,0.0,0.0,0.0,1.0,0.0,0.0
810,710,31,170,7.0,90.0,35.0,40.0,Happiness,0.0,1.0,0.0,0.0,0.0,0.0,0.0,0.0,1.0,0.0
811,711,23,75,4.0,45.0,20.0,25.0,Anxiety,0.0,0.0,0.0,0.0,0.0,1.0,0.0,1.0,0.0,0.0
812,712,26,95,3.0,30.0,14.0,18.0,Sadness,1.0,0.0,0.0,0.0,0.0,0.0,0.0,0.0,0.0,1.0
813,713,34,65,1.0,14.0,6.0,15.0,Boredom,0.0,0.0,1.0,0.0,0.0,0.0,0.0,0.0,1.0,0.0
814,714,22,180,8.0,100.0,38.0,45.0,Happiness,0.0,1.0,0.0,0.0,0.0,0.0,0.0,1.0,0.0,0.0
815,715,28,100,6.0,50.0,30.0,29.0,Anger,0.0,0.0,0.0,0.0,0.0,1.0,0.0,0.0,1.0,0.0
816,716,21,40,1.0,10.0,4.0,12.0,Neutral,1.0,0.0,0.0,0.0,0.0,0.0,0.0,0.0,0.0,1.0
817,717,35,125,5.0,65.0,22.0,28.0,Anxiety,0.0,1.0,0.0,0.0,0.0,0.0,0.0,1.0,0.0,0.0
818,718,27,90,3.0,40.0,16.0,24.0,Sadness,0.0,0.0,0.0,0.0,0.0,1.0,0.0,0.0,1.0,0.0
819,719,23,50,1.0,12.0,6.0,12.0,Neutral,0.0,0.0,1.0,0.0,0.0,0.0,0.0,0.0,0.0,1.0
820,720,32,140,6.0,75.0,28.0,30.0,Happiness,0.0,1.0,0.0,0.0,0.0,0.0,0.0,1.0,0.0,0.0
821,721,26,75,2.0,30.0,14.0,20.0,Anxiety,1.0,0.0,0.0,0.0,0.0,0.0,0.0,0.0,1.0,0.0
822,722,24,105,4.0,35.0,20.0,23.0,Anger,0.0,0.0,0.0,0.0,0.0,1.0,0.0,1.0,0.0,0.0
823,723,29,60,2.0,17.0,8.0,15.0,Boredom,0.0,0.0,1.0,0.0,0.0,0.0,0.0,0.0,1.0,0.0
824,724,33,190,8.0,105.0,36.0,50.0,Happiness,0.0,1.0,0.0,0.0,0.0,0.0,0.0,0.0,0.0,1.0
825,725,22,70,3.0,25.0,16.0,15.0,Sadness,0.0,0.0,0.0,0.0,0.0,1.0,0.0,1.0,0.0,0.0
826,726,31,80,2.0,20.0,10.0,20.0,Neutral,1.0,0.0,0.0,0.0,0.0,0.0,0.0,0.0,1.0,0.0
827,727,27,55,1.0,12.0,5.0,11.0,Anxiety,0.0,0.0,1.0,0.0,0.0,0.0,0.0,0.0,0.0,1.0
828,728,25,160,6.0,85.0,26.0,30.0,Happiness,0.0,1.0,0.0,0.0,0.0,0.0,0.0,1.0,0.0,0.0
829,729,30,90,4.0,43.0,19.0,24.0,Anger,0.0,0.0,0.0,0.0,0.0,1.0,0.0,0.0,1.0,0.0
830,730,26,45,1.0,8.0,4.0,12.0,Sadness,1.0,0.0,0.0,0.0,0.0,0.0,0.0,0.0,0.0,1.0
831,731,34,65,2.0,17.0,5.0,14.0,Boredom,0.0,0.0,1.0,0.0,0.0,0.0,0.0,1.0,0.0,0.0
832,732,28,145,7.0,80.0,30.0,35.0,Happiness,0.0,1.0,0.0,0.0,0.0,0.0,0.0,0.0,1.0,0.0
833,733,23,70,3.0,30.0,14.0,18.0,Neutral,0.0,0.0,0.0,0.0,0.0,1.0,0.0,0.0,0.0,1.0
834,734,21,130,6.0,95.0,22.0,28.0,Sadness,0.0,1.0,0.0,0.0,0.0,0.0,0.0,1.0,0.0,0.0
835,735,29,65,2.0,27.0,11.0,22.0,Anxiety,1.0,0.0,0.0,0.0,0.0,0.0,0.0,0.0,1.0,0.0
836,736,24,55,1.0,11.0,6.0,11.0,Boredom,0.0,0.0,1.0,0.0,0.0,0.0,0.0,0.0,0.0,1.0
837,737,33,170,7.0,95.0,30.0,38.0,Happiness,0.0,1.0,0.0,0.0,0.0,0.0,0.0,1.0,0.0,0.0
838,738,27,85,4.0,45.0,18.0,24.0,Anger,0.0,0.0,0.0,0.0,0.0,1.0,0.0,0.0,1.0,0.0
839,739,22,115,3.0,60.0,17.0,30.0,Neutral,0.0,1.0,0.0,0.0,0.0,0.0,0.0,1.0,0.0,0.0
840,740,28,100,2.0,22.0,12.0,25.0,Anxiety,1.0,0.0,0.0,0.0,0.0,0.0,0.0,0.0,0.0,1.0
841,741,31,45,1.0,9.0,4.0,10.0,Sadness,0.0,0.0,1.0,0.0,0.0,0.0,0.0,0.0,1.0,0.0
842,742,25,150,6.0,90.0,26.0,30.0,Happiness,0.0,1.0,0.0,0.0,0.0,0.0,0.0,1.0,0.0,0.0
843,743,29,95,4.0,50.0,22.0,22.0,Anger,0.0,0.0,0.0,0.0,0.0,1.0,0.0,0.0,1.0,0.0
844,744,23,105,2.0,25.0,12.0,18.0,Neutral,1.0,0.0,0.0,0.0,0.0,0.0,0.0,0.0,0.0,1.0
845,745,35,60,1.0,15.0,7.0,14.0,Boredom,0.0,0.0,1.0,0.0,0.0,0.0,0.0,1.0,0.0,0.0
846,746,30,175,7.0,100.0,33.0,38.0,Happiness,0.0,1.0,0.0,0.0,0.0,0.0,0.0,0.0,1.0,0.0
847,747,21,90,3.0,37.0,14.0,20.0,Sadness,0.0,0.0,0.0,0.0,0.0,1.0,0.0,1.0,0.0,0.0
848,748,26,75,2.0,30.0,12.0,18.0,Anxiety,1.0,0.0,0.0,0.0,0.0,0.0,0.0,0.0,0.0,1.0
849,749,32,130,5.0,80.0,28.0,31.0,Neutral,0.0,1.0,0.0,0.0,0.0,0.0,0.0,0.0,1.0,0.0
850,750,28,55,1.0,12.0,6.0,10.0,Boredom,0.0,0.0,1.0,0.0,0.0,0.0,0.0,1.0,0.0,0.0
851,751,27,165,6.0,85.0,30.0,28.0,Happiness,0.0,1.0,0.0,0.0,0.0,0.0,0.0,0.0,1.0,0.0
852,752,24,75,3.0,33.0,18.0,19.0,Anger,0.0,0.0,0.0,0.0,0.0,1.0,0.0,1.0,0.0,0.0
853,753,29,85,2.0,27.0,9.0,20.0,Neutral,1.0,0.0,0.0,0.0,0.0,0.0,0.0,0.0,0.0,1.0
854,754,33,145,4.0,65.0,23.0,35.0,Sadness,0.0,1.0,0.0,0.0,0.0,0.0,0.0,1.0,0.0,0.0
855,755,31,60,1.0,15.0,7.0,17.0,Anxiety,0.0,0.0,1.0,0.0,0.0,0.0,0.0,0.0,1.0,0.0
856,756,22,70,2.0,42.0,10.0,21.0,Anxiety,0.0,0.0,0.0,0.0,0.0,0.0,1.0,1.0,0.0,0.0
857,757,25,90,3.0,22.0,11.0,22.0,Boredom,0.0,0.0,0.0,0.0,1.0,0.0,0.0,0.0,1.0,0.0
858,758,29,50,2.0,18.0,7.0,18.0,Sadness,0.0,0.0,0.0,1.0,0.0,0.0,0.0,0.0,0.0,1.0
859,759,28,95,4.0,48.0,22.0,25.0,Happiness,0.0,0.0,0.0,0.0,0.0,1.0,0.0,1.0,0.0,0.0
860,760,27,60,1.0,12.0,5.0,15.0,Boredom,1.0,0.0,0.0,0.0,0.0,0.0,0.0,0.0,1.0,0.0
861,761,30,175,6.0,72.0,30.0,33.0,Happiness,0.0,1.0,0.0,0.0,0.0,0.0,0.0,1.0,0.0,0.0
862,762,23,70,3.0,22.0,10.0,18.0,Anger,0.0,0.0,0.0,0.0,0.0,0.0,1.0,0.0,1.0,0.0
863,763,34,80,2.0,21.0,8.0,20.0,Neutral,0.0,0.0,0.0,0.0,1.0,0.0,0.0,0.0,0.0,1.0
864,764,26,120,4.0,55.0,18.0,30.0,Anxiety,0.0,0.0,0.0,1.0,0.0,0.0,0.0,1.0,0.0,0.0
865,765,25,90,6.0,42.0,14.0,26.0,Sadness,0.0,0.0,0.0,0.0,0.0,1.0,0.0,0.0,1.0,0.0
866,766,29,60,1.0,12.0,4.0,12.0,Boredom,1.0,0.0,0.0,0.0,0.0,0.0,0.0,0.0,0.0,1.0
867,767,28,165,5.0,78.0,23.0,35.0,Happiness,0.0,1.0,0.0,0.0,0.0,0.0,0.0,0.0,1.0,0.0
868,768,31,65,2.0,27.0,10.0,20.0,Neutral,0.0,0.0,0.0,0.0,0.0,0.0,1.0,1.0,0.0,0.0
869,769,27,105,3.0,48.0,20.0,28.0,Anxiety,0.0,0.0,0.0,0.0,1.0,0.0,0.0,0.0,1.0,0.0
870,770,22,75,2.0,21.0,8.0,20.0,Sadness,0.0,0.0,0.0,1.0,0.0,0.0,0.0,0.0,0.0,1.0
871,771,24,140,4.0,65.0,22.0,30.0,Happiness,0.0,1.0,0.0,0.0,0.0,0.0,0.0,1.0,0.0,0.0
872,772,35,70,1.0,13.0,8.0,10.0,Boredom,0.0,0.0,0.0,0.0,0.0,1.0,0.0,0.0,1.0,0.0
873,773,21,55,3.0,17.0,7.0,12.0,Neutral,1.0,0.0,0.0,0.0,0.0,0.0,0.0,0.0,0.0,1.0
874,774,29,90,2.0,24.0,12.0,22.0,Anger,0.0,0.0,0.0,0.0,0.0,0.0,1.0,1.0,0.0,0.0
875,775,25,80,4.0,30.0,13.0,25.0,Neutral,0.0,0.0,0.0,0.0,1.0,0.0,0.0,0.0,1.0,0.0
876,776,28,115,3.0,38.0,18.0,27.0,Anxiety,0.0,0.0,0.0,1.0,0.0,0.0,0.0,0.0,0.0,1.0
877,777,32,155,6.0,75.0,25.0,38.0,Happiness,0.0,1.0,0.0,0.0,0.0,0.0,0.0,1.0,0.0,0.0
878,778,26,75,2.0,23.0,12.0,18.0,Sadness,0.0,0.0,0.0,0.0,0.0,1.0,0.0,0.0,1.0,0.0
879,779,33,65,1.0,13.0,7.0,14.0,Anxiety,1.0,0.0,0.0,0.0,0.0,0.0,0.0,0.0,0.0,1.0
880,780,27,90,4.0,37.0,18.0,20.0,Neutral,0.0,0.0,0.0,0.0,0.0,0.0,1.0,1.0,0.0,0.0
881,781,31,50,2.0,20.0,10.0,12.0,Sadness,0.0,0.0,0.0,0.0,1.0,0.0,0.0,0.0,1.0,0.0
882,782,24,85,3.0,33.0,20.0,18.0,Happiness,0.0,0.0,0.0,1.0,0.0,0.0,0.0,0.0,0.0,1.0
883,783,34,120,5.0,60.0,25.0,25.0,Anger,0.0,1.0,0.0,0.0,0.0,0.0,0.0,1.0,0.0,0.0
884,784,22,70,1.0,22.0,7.0,22.0,Neutral,0.0,0.0,0.0,0.0,0.0,1.0,0.0,0.0,1.0,0.0
885,785,29,75,2.0,20.0,8.0,20.0,Boredom,1.0,0.0,0.0,0.0,0.0,0.0,0.0,0.0,0.0,1.0
886,786,28,100,4.0,37.0,14.0,26.0,Anxiety,0.0,0.0,0.0,0.0,0.0,0.0,1.0,1.0,0.0,0.0
887,787,31,85,3.0,45.0,20.0,28.0,Sadness,0.0,0.0,0.0,0.0,1.0,0.0,0.0,0.0,1.0,0.0
888,788,21,60,1.0,18.0,7.0,12.0,Neutral,0.0,0.0,0.0,1.0,0.0,0.0,0.0,0.0,0.0,1.0
889,789,25,170,6.0,83.0,30.0,33.0,Happiness,0.0,1.0,0.0,0.0,0.0,0.0,0.0,1.0,0.0,0.0
890,790,30,70,2.0,30.0,12.0,20.0,Anxiety,0.0,0.0,0.0,0.0,0.0,1.0,0.0,0.0,1.0,0.0
891,791,27,50,1.0,10.0,4.0,10.0,Boredom,1.0,0.0,0.0,0.0,0.0,0.0,0.0,0.0,0.0,1.0
892,792,32,105,4.0,55.0,25.0,25.0,Anger,0.0,0.0,0.0,0.0,0.0,0.0,1.0,1.0,0.0,0.0
893,793,24,75,3.0,37.0,16.0,22.0,Neutral,0.0,0.0,0.0,0.0,1.0,0.0,0.0,0.0,1.0,0.0
894,794,29,95,2.0,23.0,10.0,28.0,Sadness,0.0,0.0,0.0,1.0,0.0,0.0,0.0,1.0,0.0,0.0
895,795,26,150,5.0,70.0,25.0,30.0,Anxiety,0.0,1.0,0.0,0.0,0.0,0.0,0.0,0.0,1.0,0.0
896,796,33,85,4.0,35.0,18.0,18.0,Boredom,0.0,0.0,0.0,0.0,0.0,1.0,0.0,0.0,0.0,1.0
897,797,22,70,1.0,14.0,6.0,10.0,Neutral,1.0,0.0,0.0,0.0,0.0,0.0,0.0,1.0,0.0,0.0
898,798,35,110,3.0,50.0,25.0,25.0,Happiness,0.0,0.0,0.0,0.0,0.0,0.0,1.0,0.0,1.0,0.0
899,799,28,60,2.0,18.0,8.0,18.0,Anger,0.0,0.0,0.0,0.0,1.0,0.0,0.0,0.0,0.0,1.0
900,800,27,120,4.0,40.0,18.0,22.0,Neutral,0.0,0.0,0.0,1.0,0.0,0.0,0.0,1.0,0.0,0.0
901,801,25,120,5.0,50.0,20.0,25.0,Happiness,0.0,1.0,0.0,0.0,0.0,0.0,0.0,1.0,0.0,0.0
902,802,30,90,4.0,30.0,20.0,22.0,Anger,0.0,0.0,0.0,0.0,0.0,1.0,0.0,0.0,1.0,0.0
903,803,22,60,2.0,20.0,10.0,15.0,Neutral,1.0,0.0,0.0,0.0,0.0,0.0,0.0,0.0,0.0,1.0
904,804,28,200,8.0,110.0,40.0,45.0,Anxiety,0.0,1.0,0.0,0.0,0.0,0.0,0.0,1.0,0.0,0.0
905,805,33,45,1.0,10.0,5.0,12.0,Boredom,0.0,0.0,1.0,0.0,0.0,0.0,0.0,0.0,1.0,0.0
906,806,21,150,5.0,65.0,25.0,30.0,Happiness,0.0,1.0,0.0,0.0,0.0,0.0,0.0,0.0,1.0,0.0
907,807,27,85,3.0,40.0,18.0,20.0,Anger,0.0,0.0,0.0,0.0,0.0,1.0,0.0,1.0,0.0,0.0
908,808,24,110,6.0,35.0,16.0,25.0,Sadness,1.0,0.0,0.0,0.0,0.0,0.0,0.0,0.0,0.0,1.0
909,809,29,55,2.0,15.0,5.0,10.0,Neutral,0.0,0.0,1.0,0.0,0.0,0.0,0.0,1.0,0.0,0.0
910,810,31,170,7.0,90.0,35.0,40.0,Happiness,0.0,1.0,0.0,0.0,0.0,0.0,0.0,0.0,1.0,0.0
911,811,23,75,4.0,45.0,20.0,25.0,Anxiety,0.0,0.0,0.0,0.0,0.0,1.0,0.0,1.0,0.0,0.0
912,812,26,95,3.0,30.0,14.0,18.0,Sadness,1.0,0.0,0.0,0.0,0.0,0.0,0.0,0.0,0.0,1.0
913,813,34,65,1.0,14.0,6.0,15.0,Boredom,0.0,0.0,1.0,0.0,0.0,0.0,0.0,0.0,1.0,0.0
914,814,22,180,8.0,100.0,38.0,45.0,Happiness,0.0,1.0,0.0,0.0,0.0,0.0,0.0,1.0,0.0,0.0
915,815,28,100,6.0,50.0,30.0,29.0,Anger,0.0,0.0,0.0,0.0,0.0,1.0,0.0,0.0,1.0,0.0
916,816,21,40,1.0,10.0,4.0,12.0,Neutral,1.0,0.0,0.0,0.0,0.0,0.0,0.0,0.0,0.0,1.0
917,817,35,125,5.0,65.0,22.0,28.0,Anxiety,0.0,1.0,0.0,0.0,0.0,0.0,0.0,1.0,0.0,0.0
918,818,27,90,3.0,40.0,16.0,24.0,Sadness,0.0,0.0,0.0,0.0,0.0,1.0,0.0,0.0,1.0,0.0
919,819,23,50,1.0,12.0,6.0,12.0,Neutral,0.0,0.0,1.0,0.0,0.0,0.0,0.0,0.0,0.0,1.0
920,820,32,140,6.0,75.0,28.0,30.0,Happiness,0.0,1.0,0.0,0.0,0.0,0.0,0.0,1.0,0.0,0.0
921,821,26,75,2.0,30.0,14.0,20.0,Anxiety,1.0,0.0,0.0,0.0,0.0,0.0,0.0,0.0,1.0,0.0
922,822,24,105,4.0,35.0,20.0,23.0,Anger,0.0,0.0,0.0,0.0,0.0,1.0,0.0,1.0,0.0,0.0
923,823,29,60,2.0,17.0,8.0,15.0,Boredom,0.0,0.0,1.0,0.0,0.0,0.0,0.0,0.0,1.0,0.0
924,824,33,190,8.0,105.0,36.0,50.0,Happiness,0.0,1.0,0.0,0.0,0.0,0.0,0.0,0.0,0.0,1.0
925,825,22,70,3.0,25.0,16.0,15.0,Sadness,0.0,0.0,0.0,0.0,0.0,1.0,0.0,1.0,0.0,0.0
926,826,31,80,2.0,20.0,10.0,20.0,Neutral,1.0,0.0,0.0,0.0,0.0,0.0,0.0,0.0,1.0,0.0
927,827,27,55,1.0,12.0,5.0,11.0,Anxiety,0.0,0.0,1.0,0.0,0.0,0.0,0.0,0.0,0.0,1.0
928,828,25,160,6.0,85.0,26.0,30.0,Happiness,0.0,1.0,0.0,0.0,0.0,0.0,0.0,1.0,0.0,0.0
929,829,30,90,4.0,43.0,19.0,24.0,Anger,0.0,0.0,0.0,0.0,0.0,1.0,0.0,0.0,1.0,0.0
930,830,26,45,1.0,8.0,4.0,12.0,Sadness,1.0,0.0,0.0,0.0,0.0,0.0,0.0,0.0,0.0,1.0
931,831,34,65,2.0,17.0,5.0,14.0,Boredom,0.0,0.0,1.0,0.0,0.0,0.0,0.0,1.0,0.0,0.0
932,832,28,145,7.0,80.0,30.0,35.0,Happiness,0.0,1.0,0.0,0.0,0.0,0.0,0.0,0.0,1.0,0.0
933,833,23,70,3.0,30.0,14.0,18.0,Neutral,0.0,0.0,0.0,0.0,0.0,1.0,0.0,0.0,0.0,1.0
934,834,21,130,6.0,95.0,22.0,28.0,Sadness,0.0,1.0,0.0,0.0,0.0,0.0,0.0,1.0,0.0,0.0
935,835,29,65,2.0,27.0,11.0,22.0,Anxiety,1.0,0.0,0.0,0.0,0.0,0.0,0.0,0.0,1.0,0.0
936,836,24,55,1.0,11.0,6.0,11.0,Boredom,0.0,0.0,1.0,0.0,0.0,0.0,0.0,0.0,0.0,1.0
937,837,33,170,7.0,95.0,30.0,38.0,Happiness,0.0,1.0,0.0,0.0,0.0,0.0,0.0,1.0,0.0,0.0
938,838,27,85,4.0,45.0,18.0,24.0,Anger,0.0,0.0,0.0,0.0,0.0,1.0,0.0,0.0,1.0,0.0
939,839,22,115,3.0,60.0,17.0,30.0,Neutral,0.0,1.0,0.0,0.0,0.0,0.0,0.0,1.0,0.0,0.0
940,840,28,100,2.0,22.0,12.0,25.0,Anxiety,1.0,0.0,0.0,0.0,0.0,0.0,0.0,0.0,0.0,1.0
941,841,31,45,1.0,9.0,4.0,10.0,Sadness,0.0,0.0,1.0,0.0,0.0,0.0,0.0,0.0,1.0,0.0
942,842,25,150,6.0,90.0,26.0,30.0,Happiness,0.0,1.0,0.0,0.0,0.0,0.0,0.0,1.0,0.0,0.0
943,843,29,95,4.0,50.0,22.0,22.0,Anger,0.0,0.0,0.0,0.0,0.0,1.0,0.0,0.0,1.0,0.0
944,844,23,105,2.0,25.0,12.0,18.0,Neutral,1.0,0.0,0.0,0.0,0.0,0.0,0.0,0.0,0.0,1.0
945,845,35,60,1.0,15.0,7.0,14.0,Boredom,0.0,0.0,1.0,0.0,0.0,0.0,0.0,1.0,0.0,0.0
946,846,30,175,7.0,100.0,33.0,38.0,Happiness,0.0,1.0,0.0,0.0,0.0,0.0,0.0,0.0,1.0,0.0
947,847,21,90,3.0,37.0,14.0,20.0,Sadness,0.0,0.0,0.0,0.0,0.0,1.0,0.0,1.0,0.0,0.0
948,848,26,75,2.0,30.0,12.0,18.0,Anxiety,1.0,0.0,0.0,0.0,0.0,0.0,0.0,0.0,0.0,1.0
949,849,32,130,5.0,80.0,28.0,31.0,Neutral,0.0,1.0,0.0,0.0,0.0,0.0,0.0,0.0,1.0,0.0
950,850,28,55,1.0,12.0,6.0,10.0,Boredom,0.0,0.0,1.0,0.0,0.0,0.0,0.0,1.0,0.0,0.0
951,851,27,165,6.0,85.0,30.0,28.0,Happiness,0.0,1.0,0.0,0.0,0.0,0.0,0.0,0.0,1.0,0.0
952,852,24,75,3.0,33.0,18.0,19.0,Anger,0.0,0.0,0.0,0.0,0.0,1.0,0.0,1.0,0.0,0.0
953,853,29,85,2.0,27.0,9.0,20.0,Neutral,1.0,0.0,0.0,0.0,0.0,0.0,0.0,0.0,0.0,1.0
954,854,33,145,4.0,65.0,23.0,35.0,Sadness,0.0,1.0,0.0,0.0,0.0,0.0,0.0,1.0,0.0,0.0
955,855,31,60,1.0,15.0,7.0,17.0,Anxiety,0.0,0.0,1.0,0.0,0.0,0.0,0.0,0.0,1.0,0.0
956,856,22,70,2.0,42.0,10.0,21.0,Anxiety,0.0,0.0,0.0,0.0,0.0,0.0,1.0,1.0,0.0,0.0
957,857,25,90,3.0,22.0,11.0,22.0,Boredom,0.0,0.0,0.0,0.0,1.0,0.0,0.0,0.0,1.0,0.0
958,858,29,50,2.0,18.0,7.0,18.0,Sadness,0.0,0.0,0.0,1.0,0.0,0.0,0.0,0.0,0.0,1.0
959,859,28,95,4.0,48.0,22.0,25.0,Happiness,0.0,0.0,0.0,0.0,0.0,1.0,0.0,1.0,0.0,0.0
960,860,27,60,1.0,12.0,5.0,15.0,Boredom,1.0,0.0,0.0,0.0,0.0,0.0,0.0,0.0,1.0,0.0
961,861,30,175,6.0,72.0,30.0,33.0,Happiness,0.0,1.0,0.0,0.0,0.0,0.0,0.0,1.0,0.0,0.0
962,862,23,70,3.0,22.0,10.0,18.0,Anger,0.0,0.0,0.0,0.0,0.0,0.0,1.0,0.0,1.0,0.0
963,863,34,80,2.0,21.0,8.0,20.0,Neutral,0.0,0.0,0.0,0.0,1.0,0.0,0.0,0.0,0.0,1.0
964,864,26,120,4.0,55.0,18.0,30.0,Anxiety,0.0,0.0,0.0,1.0,0.0,0.0,0.0,1.0,0.0,0.0
965,865,25,90,6.0,42.0,14.0,26.0,Sadness,0.0,0.0,0.0,0.0,0.0,1.0,0.0,0.0,1.0,0.0
966,866,29,60,1.0,12.0,4.0,12.0,Boredom,1.0,0.0,0.0,0.0,0.0,0.0,0.0,0.0,0.0,1.0
967,867,28,165,5.0,78.0,23.0,35.0,Happiness,0.0,1.0,0.0,0.0,0.0,0.0,0.0,0.0,1.0,0.0
968,868,31,65,2.0,27.0,10.0,20.0,Neutral,0.0,0.0,0.0,0.0,0.0,0.0,1.0,1.0,0.0,0.0
969,869,27,105,3.0,48.0,20.0,28.0,Anxiety,0.0,0.0,0.0,0.0,1.0,0.0,0.0,0.0,1.0,0.0
970,870,22,75,2.0,21.0,8.0,20.0,Sadness,0.0,0.0,0.0,1.0,0.0,0.0,0.0,0.0,0.0,1.0
971,871,24,140,4.0,65.0,22.0,30.0,Happiness,0.0,1.0,0.0,0.0,0.0,0.0,0.0,1.0,0.0,0.0
972,872,35,70,1.0,13.0,8.0,10.0,Boredom,0.0,0.0,0.0,0.0,0.0,1.0,0.0,0.0,1.0,0.0
973,873,21,55,3.0,17.0,7.0,12.0,Neutral,1.0,0.0,0.0,0.0,0.0,0.0,0.0,0.0,0.0,1.0
974,874,29,90,2.0,24.0,12.0,22.0,Anger,0.0,0.0,0.0,0.0,0.0,0.0,1.0,1.0,0.0,0.0
975,875,25,80,4.0,30.0,13.0,25.0,Neutral,0.0,0.0,0.0,0.0,1.0,0.0,0.0,0.0,1.0,0.0
976,876,28,115,3.0,38.0,18.0,27.0,Anxiety,0.0,0.0,0.0,1.0,0.0,0.0,0.0,0.0,0.0,1.0
977,877,32,155,6.0,75.0,25.0,38.0,Happiness,0.0,1.0,0.0,0.0,0.0,0.0,0.0,1.0,0.0,0.0
978,878,26,75,2.0,23.0,12.0,18.0,Sadness,0.0,0.0,0.0,0.0,0.0,1.0,0.0,0.0,1.0,0.0
979,879,33,65,1.0,13.0,7.0,14.0,Anxiety,1.0,0.0,0.0,0.0,0.0,0.0,0.0,0.0,0.0,1.0
980,880,27,90,4.0,37.0,18.0,20.0,Neutral,0.0,0.0,0.0,0.0,0.0,0.0,1.0,1.0,0.0,0.0
981,881,31,50,2.0,20.0,10.0,12.0,Sadness,0.0,0.0,0.0,0.0,1.0,0.0,0.0,0.0,1.0,0.0
982,882,24,85,3.0,33.0,20.0,18.0,Happiness,0.0,0.0,0.0,1.0,0.0,0.0,0.0,0.0,0.0,1.0
983,883,34,120,5.0,60.0,25.0,25.0,Anger,0.0,1.0,0.0,0.0,0.0,0.0,0.0,1.0,0.0,0.0
984,884,22,70,1.0,22.0,7.0,22.0,Neutral,0.0,0.0,0.0,0.0,0.0,1.0,0.0,0.0,1.0,0.0
985,885,29,75,2.0,20.0,8.0,20.0,Boredom,1.0,0.0,0.0,0.0,0.0,0.0,0.0,0.0,0.0,1.0
986,886,28,100,4.0,37.0,14.0,26.0,Anxiety,0.0,0.0,0.0,0.0,0.0,0.0,1.0,1.0,0.0,0.0
987,887,31,85,3.0,45.0,20.0,28.0,Sadness,0.0,0.0,0.0,0.0,1.0,0.0,0.0,0.0,1.0,0.0
988,888,21,60,1.0,18.0,7.0,12.0,Neutral,0.0,0.0,0.0,1.0,0.0,0.0,0.0,0.0,0.0,1.0
989,889,25,170,6.0,83.0,30.0,33.0,Happiness,0.0,1.0,0.0,0.0,0.0,0.0,0.0,1.0,0.0,0.0
990,890,30,70,2.0,30.0,12.0,20.0,Anxiety,0.0,0.0,0.0,0.0,0.0,1.0,0.0,0.0,1.0,0.0
991,891,27,50,1.0,10.0,4.0,10.0,Boredom,1.0,0.0,0.0,0.0,0.0,0.0,0.0,0.0,0.0,1.0
992,892,32,105,4.0,55.0,25.0,25.0,Anger,0.0,0.0,0.0,0.0,0.0,0.0,1.0,1.0,0.0,0.0
993,893,24,75,3.0,37.0,16.0,22.0,Neutral,0.0,0.0,0.0,0.0,1.0,0.0,0.0,0.0,1.0,0.0
994,894,29,95,2.0,23.0,10.0,28.0,Sadness,0.0,0.0,0.0,1.0,0.0,0.0,0.0,1.0,0.0,0.0
995,895,26,150,5.0,70.0,25.0,30.0,Anxiety,0.0,1.0,0.0,0.0,0.0,0.0,0.0,0.0,1.0,0.0
996,896,33,85,4.0,35.0,18.0,18.0,Boredom,0.0,0.0,0.0,0.0,0.0,1.0,0.0,0.0,0.0,1.0
997,897,22,70,1.0,14.0,6.0,10.0,Neutral,1.0,0.0,0.0,0.0,0.0,0.0,0.0,1.0,0.0,0.0
998,898,35,110,3.0,50.0,25.0,25.0,Happiness,0.0,0.0,0.0,0.0,0.0,0.0,1.0,0.0,1.0,0.0
999,899,28,60,2.0,18.0,8.0,18.0,Anger,0.0,0.0,0.0,0.0,1.0,0.0,0.0,0.0,0.0,1.0
1000,900,27,120,4.0,40.0,18.0,22.0,Neutral,0.0,0.0,0.0,1.0,0.0,0.0,0.0,1.0,0.0,0.0
1001,901,25,120,5.0,50.0,20.0,25.0,Happiness,0.0,1.0,0.0,0.0,0.0,0.0,0.0,1.0,0.0,0.0
1002,902,30,90,4.0,30.0,20.0,22.0,Anger,0.0,0.0,0.0,0.0,0.0,1.0,0.0,0.0,1.0,0.0
1003,903,22,60,2.0,20.0,10.0,15.0,Neutral,1.0,0.0,0.0,0.0,0.0,0.0,0.0,0.0,0.0,1.0
1004,904,28,200,8.0,110.0,40.0,45.0,Anxiety,0.0,1.0,0.0,0.0,0.0,0.0,0.0,1.0,0.0,0.0
1005,905,33,45,1.0,10.0,5.0,12.0,Boredom,0.0,0.0,1.0,0.0,0.0,0.0,0.0,0.0,1.0,0.0
1006,906,21,150,5.0,65.0,25.0,30.0,Happiness,0.0,1.0,0.0,0.0,0.0,0.0,0.0,0.0,1.0,0.0
1007,907,27,85,3.0,40.0,18.0,20.0,Anger,0.0,0.0,0.0,0.0,0.0,1.0,0.0,1.0,0.0,0.0
1008,908,24,110,6.0,35.0,16.0,25.0,Sadness,1.0,0.0,0.0,0.0,0.0,0.0,0.0,0.0,0.0,1.0
1009,909,29,55,2.0,15.0,5.0,10.0,Neutral,0.0,0.0,1.0,0.0,0.0,0.0,0.0,1.0,0.0,0.0
1010,910,31,170,7.0,90.0,35.0,40.0,Happiness,0.0,1.0,0.0,0.0,0.0,0.0,0.0,0.0,1.0,0.0
1011,911,23,75,4.0,45.0,20.0,25.0,Anxiety,0.0,0.0,0.0,0.0,0.0,1.0,0.0,1.0,0.0,0.0
1012,912,26,95,3.0,30.0,14.0,18.0,Sadness,1.0,0.0,0.0,0.0,0.0,0.0,0.0,0.0,0.0,1.0
1013,913,34,65,1.0,14.0,6.0,15.0,Boredom,0.0,0.0,1.0,0.0,0.0,0.0,0.0,0.0,1.0,0.0
1014,914,22,180,8.0,100.0,38.0,45.0,Happiness,0.0,1.0,0.0,0.0,0.0,0.0,0.0,1.0,0.0,0.0
1015,915,28,100,6.0,50.0,30.0,29.0,Anger,0.0,0.0,0.0,0.0,0.0,1.0,0.0,0.0,1.0,0.0
1016,916,21,40,1.0,10.0,4.0,12.0,Neutral,1.0,0.0,0.0,0.0,0.0,0.0,0.0,0.0,0.0,1.0
1017,917,35,125,5.0,65.0,22.0,28.0,Anxiety,0.0,1.0,0.0,0.0,0.0,0.0,0.0,1.0,0.0,0.0
1018,918,27,90,3.0,40.0,16.0,24.0,Sadness,0.0,0.0,0.0,0.0,0.0,1.0,0.0,0.0,1.0,0.0
1019,919,23,50,1.0,12.0,6.0,12.0,Neutral,0.0,0.0,1.0,0.0,0.0,0.0,0.0,0.0,0.0,1.0
1020,920,32,140,6.0,75.0,28.0,30.0,Happiness,0.0,1.0,0.0,0.0,0.0,0.0,0.0,1.0,0.0,0.0
1021,921,26,75,2.0,30.0,14.0,20.0,Anxiety,1.0,0.0,0.0,0.0,0.0,0.0,0.0,0.0,1.0,0.0
1022,922,24,105,4.0,35.0,20.0,23.0,Anger,0.0,0.0,0.0,0.0,0.0,1.0,0.0,1.0,0.0,0.0
1023,923,29,60,2.0,17.0,8.0,15.0,Boredom,0.0,0.0,1.0,0.0,0.0,0.0,0.0,0.0,1.0,0.0
1024,924,33,190,8.0,105.0,36.0,50.0,Happiness,0.0,1.0,0.0,0.0,0.0,0.0,0.0,0.0,0.0,1.0
1025,925,22,70,3.0,25.0,16.0,15.0,Sadness,0.0,0.0,0.0,0.0,0.0,1.0,0.0,1.0,0.0,0.0
1026,926,31,80,2.0,20.0,10.0,20.0,Neutral,1.0,0.0,0.0,0.0,0.0,0.0,0.0,0.0,1.0,0.0
1027,927,27,55,1.0,12.0,5.0,11.0,Anxiety,0.0,0.0,1.0,0.0,0.0,0.0,0.0,0.0,0.0,1.0
1028,928,25,160,6.0,85.0,26.0,30.0,Happiness,0.0,1.0,0.0,0.0,0.0,0.0,0.0,1.0,0.0,0.0
1029,929,30,90,4.0,43.0,19.0,24.0,Anger,0.0,0.0,0.0,0.0,0.0,1.0,0.0,0.0,1.0,0.0
1030,930,26,45,1.0,8.0,4.0,12.0,Sadness,1.0,0.0,0.0,0.0,0.0,0.0,0.0,0.0,0.0,1.0
1031,931,34,65,2.0,17.0,5.0,14.0,Boredom,0.0,0.0,1.0,0.0,0.0,0.0,0.0,1.0,0.0,0.0
1032,932,28,145,7.0,80.0,30.0,35.0,Happiness,0.0,1.0,0.0,0.0,0.0,0.0,0.0,0.0,1.0,0.0
1033,933,23,70,3.0,30.0,14.0,18.0,Neutral,0.0,0.0,0.0,0.0,0.0,1.0,0.0,0.0,0.0,1.0
1034,934,21,130,6.0,95.0,22.0,28.0,Sadness,0.0,1.0,0.0,0.0,0.0,0.0,0.0,1.0,0.0,0.0
1035,935,29,65,2.0,27.0,11.0,22.0,Anxiety,1.0,0.0,0.0,0.0,0.0,0.0,0.0,0.0,1.0,0.0
1036,936,24,55,1.0,11.0,6.0,11.0,Boredom,0.0,0.0,1.0,0.0,0.0,0.0,0.0,0.0,0.0,1.0
1037,937,33,170,7.0,95.0,30.0,38.0,Happiness,0.0,1.0,0.0,0.0,0.0,0.0,0.0,1.0,0.0,0.0
1038,938,27,85,4.0,45.0,18.0,24.0,Anger,0.0,0.0,0.0,0.0,0.0,1.0,0.0,0.0,1.0,0.0
1039,939,22,115,3.0,60.0,17.0,30.0,Neutral,0.0,1.0,0.0,0.0,0.0,0.0,0.0,1.0,0.0,0.0
1040,940,28,100,2.0,22.0,12.0,25.0,Anxiety,1.0,0.0,0.0,0.0,0.0,0.0,0.0,0.0,0.0,1.0
1041,941,31,45,1.0,9.0,4.0,10.0,Sadness,0.0,0.0,1.0,0.0,0.0,0.0,0.0,0.0,1.0,0.0
1042,942,25,150,6.0,90.0,26.0,30.0,Happiness,0.0,1.0,0.0,0.0,0.0,0.0,0.0,1.0,0.0,0.0
1043,943,29,95,4.0,50.0,22.0,22.0,Anger,0.0,0.0,0.0,0.0,0.0,1.0,0.0,0.0,1.0,0.0
1044,944,23,105,2.0,25.0,12.0,18.0,Neutral,1.0,0.0,0.0,0.0,0.0,0.0,0.0,0.0,0.0,1.0
1045,945,35,60,1.0,15.0,7.0,14.0,Boredom,0.0,0.0,1.0,0.0,0.0,0.0,0.0,1.0,0.0,0.0
1046,946,30,175,7.0,100.0,33.0,38.0,Happiness,0.0,1.0,0.0,0.0,0.0,0.0,0.0,0.0,1.0,0.0
1047,947,21,90,3.0,37.0,14.0,20.0,Sadness,0.0,0.0,0.0,0.0,0.0,1.0,0.0,1.0,0.0,0.0
1048,948,26,75,2.0,30.0,12.0,18.0,Anxiety,1.0,0.0,0.0,0.0,0.0,0.0,0.0,0.0,0.0,1.0
1049,949,32,130,5.0,80.0,28.0,31.0,Neutral,0.0,1.0,0.0,0.0,0.0,0.0,0.0,0.0,1.0,0.0
1050,950,28,55,1.0,12.0,6.0,10.0,Boredom,0.0,0.0,1.0,0.0,0.0,0.0,0.0,1.0,0.0,0.0
1051,951,27,165,6.0,85.0,30.0,28.0,Happiness,0.0,1.0,0.0,0.0,0.0,0.0,0.0,0.0,1.0,0.0
1052,952,24,75,3.0,33.0,18.0,19.0,Anger,0.0,0.0,0.0,0.0,0.0,1.0,0.0,1.0,0.0,0.0
1053,953,29,85,2.0,27.0,9.0,20.0,Neutral,1.0,0.0,0.0,0.0,0.0,0.0,0.0,0.0,0.0,1.0
1054,954,33,145,4.0,65.0,23.0,35.0,Sadness,0.0,1.0,0.0,0.0,0.0,0.0,0.0,1.0,0.0,0.0
1055,955,31,60,1.0,15.0,7.0,17.0,Anxiety,0.0,0.0,1.0,0.0,0.0,0.0,0.0,0.0,1.0,0.0
1056,956,22,70,2.0,42.0,10.0,21.0,Anxiety,0.0,0.0,0.0,0.0,0.0,0.0,1.0,1.0,0.0,0.0
1057,957,25,90,3.0,22.0,11.0,22.0,Boredom,0.0,0.0,0.0,0.0,1.0,0.0,0.0,0.0,1.0,0.0
1058,958,29,50,2.0,18.0,7.0,18.0,Sadness,0.0,0.0,0.0,1.0,0.0,0.0,0.0,0.0,0.0,1.0
1059,959,28,95,4.0,48.0,22.0,25.0,Happiness,0.0,0.0,0.0,0.0,0.0,1.0,0.0,1.0,0.0,0.0
1060,960,27,60,1.0,12.0,5.0,15.0,Boredom,1.0,0.0,0.0,0.0,0.0,0.0,0.0,0.0,1.0,0.0
1061,961,30,175,6.0,72.0,30.0,33.0,Happiness,0.0,1.0,0.0,0.0,0.0,0.0,0.0,1.0,0.0,0.0
1062,962,23,70,3.0,22.0,10.0,18.0,Anger,0.0,0.0,0.0,0.0,0.0,0.0,1.0,0.0,1.0,0.0
1063,963,34,80,2.0,21.0,8.0,20.0,Neutral,0.0,0.0,0.0,0.0,1.0,0.0,0.0,0.0,0.0,1.0
1064,964,26,120,4.0,55.0,18.0,30.0,Anxiety,0.0,0.0,0.0,1.0,0.0,0.0,0.0,1.0,0.0,0.0
1065,965,25,90,6.0,42.0,14.0,26.0,Sadness,0.0,0.0,0.0,0.0,0.0,1.0,0.0,0.0,1.0,0.0
1066,966,29,60,1.0,12.0,4.0,12.0,Boredom,1.0,0.0,0.0,0.0,0.0,0.0,0.0,0.0,0.0,1.0
1067,967,28,165,5.0,78.0,23.0,35.0,Happiness,0.0,1.0,0.0,0.0,0.0,0.0,0.0,0.0,1.0,0.0
1068,968,31,65,2.0,27.0,10.0,20.0,Neutral,0.0,0.0,0.0,0.0,0.0,0.0,1.0,1.0,0.0,0.0
1069,969,27,105,3.0,48.0,20.0,28.0,Anxiety,0.0,0.0,0.0,0.0,1.0,0.0,0.0,0.0,1.0,0.0
1070,970,22,75,2.0,21.0,8.0,20.0,Sadness,0.0,0.0,0.0,1.0,0.0,0.0,0.0,0.0,0.0,1.0
1071,971,24,140,4.0,65.0,22.0,30.0,Happiness,0.0,1.0,0.0,0.0,0.0,0.0,0.0,1.0,0.0,0.0
1072,972,35,70,1.0,13.0,8.0,10.0,Boredom,0.0,0.0,0.0,0.0,0.0,1.0,0.0,0.0,1.0,0.0
1073,973,21,55,3.0,17.0,7.0,12.0,Neutral,1.0,0.0,0.0,0.0,0.0,0.0,0.0,0.0,0.0,1.0
1074,974,29,90,2.0,24.0,12.0,22.0,Anger,0.0,0.0,0.0,0.0,0.0,0.0,1.0,1.0,0.0,0.0
1075,975,25,80,4.0,30.0,13.0,25.0,Neutral,0.0,0.0,0.0,0.0,1.0,0.0,0.0,0.0,1.0,0.0
1076,976,28,115,3.0,38.0,18.0,27.0,Anxiety,0.0,0.0,0.0,1.0,0.0,0.0,0.0,0.0,0.0,1.0
1077,977,32,155,6.0,75.0,25.0,38.0,Happiness,0.0,1.0,0.0,0.0,0.0,0.0,0.0,1.0,0.0,0.0
1078,978,26,75,2.0,23.0,12.0,18.0,Sadness,0.0,0.0,0.0,0.0,0.0,1.0,0.0,0.0,1.0,0.0
1079,979,33,65,1.0,13.0,7.0,14.0,Anxiety,1.0,0.0,0.0,0.0,0.0,0.0,0.0,0.0,0.0,1.0
1080,980,27,90,4.0,37.0,18.0,20.0,Neutral,0.0,0.0,0.0,0.0,0.0,0.0,1.0,1.0,0.0,0.0
1081,981,31,50,2.0,20.0,10.0,12.0,Sadness,0.0,0.0,0.0,0.0,1.0,0.0,0.0,0.0,1.0,0.0
1082,982,24,85,3.0,33.0,20.0,18.0,Happiness,0.0,0.0,0.0,1.0,0.0,0.0,0.0,0.0,0.0,1.0
1083,983,34,120,5.0,60.0,25.0,25.0,Anger,0.0,1.0,0.0,0.0,0.0,0.0,0.0,1.0,0.0,0.0
1084,984,22,70,1.0,22.0,7.0,22.0,Neutral,0.0,0.0,0.0,0.0,0.0,1.0,0.0,0.0,1.0,0.0
1085,985,29,75,2.0,20.0,8.0,20.0,Boredom,1.0,0.0,0.0,0.0,0.0,0.0,0.0,0.0,0.0,1.0
1086,986,28,100,4.0,37.0,14.0,26.0,Anxiety,0.0,0.0,0.0,0.0,0.0,0.0,1.0,1.0,0.0,0.0
1087,987,31,85,3.0,45.0,20.0,28.0,Sadness,0.0,0.0,0.0,0.0,1.0,0.0,0.0,0.0,1.0,0.0
1088,988,21,60,1.0,18.0,7.0,12.0,Neutral,0.0,0.0,0.0,1.0,0.0,0.0,0.0,0.0,0.0,1.0
1089,989,25,170,6.0,83.0,30.0,33.0,Happiness,0.0,1.0,0.0,0.0,0.0,0.0,0.0,1.0,0.0,0.0
1090,990,30,70,2.0,30.0,12.0,20.0,Anxiety,0.0,0.0,0.0,0.0,0.0,1.0,0.0,0.0,1.0,0.0
1091,991,27,50,1.0,10.0,4.0,10.0,Boredom,1.0,0.0,0.0,0.0,0.0,0.0,0.0,0.0,0.0,1.0
1092,992,32,105,4.0,55.0,25.0,25.0,Anger,0.0,0.0,0.0,0.0,0.0,0.0,1.0,1.0,0.0,0.0
1093,993,24,75,3.0,37.0,16.0,22.0,Neutral,0.0,0.0,0.0,0.0,1.0,0.0,0.0,0.0,1.0,0.0
1094,994,29,95,2.0,23.0,10.0,28.0,Sadness,0.0,0.0,0.0,1.0,0.0,0.0,0.0,1.0,0.0,0.0
1095,995,26,150,5.0,70.0,25.0,30.0,Anxiety,0.0,1.0,0.0,0.0,0.0,0.0,0.0,0.0,1.0,0.0
1096,996,33,85,4.0,35.0,18.0,18.0,Boredom,0.0,0.0,0.0,0.0,0.0,1.0,0.0,0.0,0.0,1.0
1097,997,22,70,1.0,14.0,6.0,10.0,Neutral,1.0,0.0,0.0,0.0,0.0,0.0,0.0,1.0,0.0,0.0
1098,998,35,110,3.0,50.0,25.0,25.0,Happiness,0.0,0.0,0.0,0.0,0.0,0.0,1.0,0.0,1.0,0.0
1099,999,28,60,2.0,18.0,8.0,18.0,Anger,0.0,0.0,0.0,0.0,1.0,0.0,0.0,0.0,0.0,1.0
1100,1000,27,120,4.0,40.0,18.0,22.0,Neutral,0.0,0.0,0.0,1.0,0.0,0.0,0.0,1.0,0.0,0.0
